真实标签,预测标签,预测概率,是否正确
2,2,0.585435,True
2,2,0.61497766,True
1,1,0.96140164,True
0,0,0.8114424,True
1,3,0.52967715,False
3,2,0.43975526,False
3,3,0.68400806,True
0,0,0.97132707,True
0,0,0.95028365,True
0,0,0.8868487,True
1,3,0.5645499,False
2,2,0.8861811,True
3,3,0.86388147,True
3,3,0.60751456,True
3,3,0.86938554,True
1,1,0.53140396,True
1,1,0.7408062,True
0,0,0.9827072,True
1,2,0.4520902,False
0,0,0.91732323,True
1,1,0.8237743,True
2,3,0.53082144,False
1,1,0.98975545,True
2,2,0.93477464,True
2,2,0.9336801,True
2,1,0.41193166,False
2,2,0.77958506,True
2,2,0.45763072,True
2,2,0.9096434,True
1,0,0.36063823,False
3,2,0.47137555,False
1,1,0.9784823,True
3,3,0.4128092,True
2,3,0.6435668,False
3,2,0.7957653,False
2,2,0.8135314,True
0,0,0.501156,True
1,0,0.9627955,False
2,3,0.5046346,False
0,0,0.91301686,True
1,1,0.46987194,True
3,3,0.64874846,True
3,3,0.66709924,True
1,0,0.4376526,False
3,2,0.47137567,False
2,2,0.50610757,True
3,0,0.6406751,False
2,2,0.8160962,True
2,3,0.3503799,False
3,3,0.58016574,True
0,0,0.80004066,True
1,1,0.7473763,True
3,3,0.4420927,True
3,3,0.8529479,True
2,2,0.52456677,True
2,2,0.8769644,True
0,0,0.84453404,True
0,0,0.98479015,True
3,3,0.91530335,True
2,2,0.88358384,True
1,1,0.6863442,True
3,3,0.9446583,True
3,3,0.6135685,True
3,3,0.8818608,True
2,3,0.67238283,False
3,2,0.6195462,False
3,2,0.8679709,False
0,0,0.95626694,True
3,3,0.9782244,True
3,3,0.6567209,True
3,1,0.66288006,False
1,3,0.7227587,False
2,2,0.74531233,True
1,2,0.43495092,False
1,2,0.7653049,False
1,1,0.98842806,True
0,0,0.91846174,True
2,2,0.9230336,True
0,1,0.61988723,False
1,2,0.69536346,False
0,0,0.93698245,True
3,0,0.42156458,False
2,2,0.53877556,True
1,1,0.9641101,True
3,3,0.98680913,True
2,2,0.9417684,True
0,0,0.9772478,True
3,3,0.64507866,True
2,3,0.78169703,False
0,0,0.9986028,True
0,2,0.49894917,False
2,2,0.66164976,True
0,0,0.9077507,True
2,2,0.49868464,True
0,0,0.90228087,True
0,0,0.91877997,True
1,1,0.964267,True
1,1,0.9947149,True
3,1,0.4808639,False
3,3,0.90316594,True
3,3,0.33998838,True
1,1,0.98696345,True
0,0,0.928419,True
0,0,0.75914687,True
1,1,0.99538815,True
0,3,0.7607254,False
3,3,0.7801948,True
3,2,0.5127123,False
3,2,0.85932195,False
3,2,0.44184744,False
0,0,0.90938735,True
0,0,0.94044745,True
3,3,0.45819697,True
3,2,0.37194997,False
1,0,0.51659715,False
0,2,0.71076596,False
0,2,0.46049076,False
1,1,0.46487942,True
2,3,0.5320494,False
0,3,0.5009699,False
1,0,0.54066473,False
0,0,0.82703096,True
1,2,0.5452511,False
2,3,0.7334623,False
0,0,0.85210335,True
0,0,0.8785825,True
0,0,0.99216473,True
1,3,0.8625967,False
2,2,0.6022242,True
1,2,0.4640032,False
1,1,0.9393288,True
2,0,0.8174275,False
3,3,0.73269427,True
1,1,0.7462289,True
1,1,0.49445325,True
2,3,0.55619836,False
1,1,0.66695106,True
1,1,0.9334066,True
1,1,0.8944499,True
1,3,0.5107224,False
0,0,0.9363257,True
0,0,0.47594103,True
0,0,0.64099085,True
2,2,0.7727794,True
0,0,0.93165827,True
3,0,0.33761296,False
3,3,0.84280264,True
0,0,0.94160044,True
2,3,0.6134993,False
1,1,0.5981509,True
3,2,0.65473557,False
2,2,0.5453941,True
0,0,0.47736222,True
3,2,0.35681558,False
1,3,0.57605827,False
1,1,0.9546658,True
1,1,0.99633753,True
3,2,0.5760241,False
2,2,0.79270446,True
0,0,0.48098144,True
3,2,0.89674306,False
1,1,0.9728611,True
3,1,0.49231526,False
0,0,0.9589847,True
3,3,0.6204058,True
2,2,0.79385495,True
3,3,0.6284566,True
0,0,0.99122787,True
0,0,0.99821436,True
0,0,0.8793657,True
3,3,0.74820966,True
3,3,0.69296676,True
2,2,0.85317355,True
1,1,0.91285896,True
1,1,0.98688215,True
1,0,0.7022389,False
0,0,0.9942438,True
2,2,0.8378115,True
3,3,0.8927936,True
0,0,0.99400514,True
3,3,0.5906337,True
0,2,0.7358392,False
2,2,0.9231474,True
2,0,0.8911288,False
1,0,0.55769414,False
0,0,0.9946502,True
0,0,0.9886171,True
3,3,0.7626825,True
3,3,0.9711936,True
1,3,0.53733605,False
3,1,0.5356404,False
1,1,0.86219704,True
0,2,0.74633896,False
3,1,0.5295709,False
1,3,0.7345494,False
3,3,0.8023857,True
3,3,0.6798803,True
3,3,0.9405423,True
3,3,0.81380033,True
3,1,0.76724875,False
0,0,0.6673705,True
3,3,0.4747702,True
3,3,0.5745346,True
1,3,0.75134695,False
3,1,0.573586,False
2,2,0.8523477,True
2,3,0.79312533,False
0,0,0.99697554,True
0,1,0.6425629,False
3,0,0.36058763,False
0,0,0.99255776,True
0,0,0.96205336,True
1,3,0.690189,False
2,2,0.56333333,True
0,0,0.99498886,True
3,2,0.57536316,False
0,0,0.9811422,True
2,0,0.70564085,False
2,2,0.5868488,True
3,1,0.7783043,False
0,0,0.9926318,True
2,2,0.7675116,True
3,3,0.6325537,True
0,0,0.9951261,True
2,2,0.91428435,True
3,3,0.9428142,True
1,1,0.5181885,True
2,2,0.6533952,True
3,3,0.995846,True
0,3,0.7069693,False
2,2,0.66920877,True
0,0,0.9841717,True
3,3,0.72703296,True
3,3,0.612764,True
3,0,0.91724277,False
0,0,0.9917048,True
2,0,0.95952135,False
2,3,0.8792647,False
3,3,0.9861559,True
0,0,0.5534772,True
0,0,0.98278403,True
3,3,0.67124736,True
1,1,0.93937075,True
3,0,0.46454084,False
1,1,0.92504525,True
1,1,0.46285105,True
0,0,0.5217137,True
0,0,0.7825235,True
2,2,0.76657295,True
3,2,0.34986687,False
3,2,0.88328725,False
1,3,0.5930275,False
3,3,0.6081826,True
2,1,0.28987944,False
3,3,0.9877309,True
0,0,0.9946185,True
0,0,0.98517424,True
1,1,0.71940756,True
0,0,0.4963458,True
3,2,0.5428079,False
1,1,0.8681811,True
0,0,0.9952755,True
0,0,0.80037117,True
1,3,0.58014894,False
2,2,0.5275862,True
2,2,0.6130889,True
0,0,0.75154924,True
1,1,0.9788087,True
0,1,0.52090603,False
0,3,0.5686612,False
0,2,0.60077494,False
1,1,0.7872946,True
1,1,0.99543154,True
3,2,0.529608,False
2,2,0.92044055,True
2,2,0.65542424,True
2,2,0.6646942,True
0,3,0.5374521,False
1,1,0.99588484,True
1,1,0.84359014,True
1,1,0.8931333,True
1,3,0.8023723,False
1,3,0.55709326,False
2,2,0.6527613,True
1,3,0.9089657,False
3,3,0.5187269,True
3,3,0.5514385,True
0,0,0.99381953,True
1,1,0.9927347,True
1,3,0.8003015,False
2,2,0.8987173,True
0,0,0.76360023,True
0,3,0.5365812,False
2,2,0.6126631,True
1,1,0.64522415,True
1,1,0.99475515,True
3,1,0.6827404,False
0,0,0.83413327,True
2,0,0.66268474,False
0,0,0.68235934,True
3,1,0.6465412,False
2,2,0.9566941,True
1,1,0.9132743,True
2,2,0.9564824,True
1,3,0.6507859,False
1,1,0.9752009,True
2,2,0.7417728,True
3,2,0.64051396,False
0,0,0.9270893,True
3,2,0.60045576,False
2,1,0.46028337,False
0,1,0.39013103,False
2,2,0.93886083,True
3,3,0.6363666,True
0,0,0.988591,True
2,3,0.6456059,False
2,2,0.6478483,True
2,2,0.61745673,True
0,0,0.99064004,True
2,1,0.36635387,False
3,2,0.6789232,False
3,3,0.52248085,True
2,3,0.44969323,False
1,1,0.8075458,True
2,2,0.8242172,True
2,2,0.50308543,True
2,2,0.81634516,True
0,0,0.9867039,True
0,0,0.6483441,True
2,1,0.6089702,False
3,3,0.54640573,True
3,3,0.42897633,True
2,2,0.790402,True
3,2,0.75377166,False
0,2,0.4077635,False
1,3,0.38161922,False
3,2,0.6371347,False
3,1,0.52053165,False
0,0,0.8231288,True
3,3,0.98902845,True
1,3,0.4570959,False
3,2,0.5450109,False
3,3,0.87810725,True
0,2,0.5562093,False
3,3,0.79518545,True
0,0,0.9516747,True
3,3,0.90141976,True
0,0,0.94985616,True
1,1,0.858828,True
3,3,0.50464374,True
2,2,0.9575535,True
3,1,0.68025655,False
3,3,0.7308893,True
0,0,0.64079005,True
3,3,0.8559248,True
1,1,0.5725942,True
1,3,0.8202729,False
1,2,0.43231753,False
2,0,0.8374725,False
0,0,0.9635084,True
2,2,0.7673589,True
2,2,0.80786896,True
1,1,0.91654056,True
1,0,0.94588697,False
1,1,0.9593183,True
0,0,0.5899415,True
1,3,0.83751106,False
0,0,0.3370571,True
3,3,0.5205678,True
1,2,0.5593497,False
1,1,0.5212057,True
1,3,0.61395305,False
1,2,0.5408219,False
1,3,0.5483927,False
0,0,0.9457547,True
3,3,0.7522576,True
2,3,0.5277318,False
2,0,0.7913185,False
1,1,0.700046,True
2,2,0.5885389,True
2,2,0.88785964,True
3,0,0.8446048,False
1,1,0.94371533,True
0,1,0.5864804,False
2,2,0.7767608,True
1,1,0.96866053,True
2,3,0.5486576,False
3,1,0.606418,False
0,0,0.62577355,True
1,1,0.972509,True
0,3,0.64263356,False
2,2,0.6091454,True
1,3,0.64963853,False
0,0,0.99381506,True
0,2,0.5047844,False
1,1,0.82291,True
0,1,0.46516538,False
1,1,0.51801616,True
2,2,0.84801257,True
3,3,0.6213989,True
1,1,0.56552917,True
1,3,0.6981196,False
1,1,0.9989166,True
2,2,0.6145224,True
0,0,0.9751247,True
0,0,0.95149785,True
1,1,0.90284914,True
2,3,0.6068744,False
0,0,0.60086226,True
3,2,0.8816731,False
3,2,0.5196515,False
0,0,0.39671656,True
1,1,0.7679734,True
3,2,0.81013113,False
2,0,0.44944873,False
1,1,0.8507009,True
2,2,0.8893023,True
2,2,0.708238,True
3,3,0.82735896,True
2,2,0.81563574,True
1,1,0.7453988,True
1,1,0.8170144,True
0,2,0.6452809,False
1,1,0.59285647,True
3,3,0.6594364,True
1,3,0.7026872,False
3,3,0.49202842,True
2,3,0.60508466,False
1,2,0.41375476,False
2,2,0.643974,True
3,1,0.80374974,False
0,2,0.7625345,False
1,1,0.99735993,True
3,3,0.51127446,True
0,0,0.8602781,True
0,0,0.49313205,True
1,3,0.6772811,False
3,3,0.9092966,True
1,1,0.99120235,True
1,3,0.7969348,False
0,0,0.98466116,True
3,1,0.63410354,False
2,0,0.969722,False
3,3,0.71727175,True
0,0,0.9988386,True
2,3,0.5892937,False
1,1,0.8760801,True
0,0,0.95660293,True
0,0,0.81993604,True
2,2,0.75881684,True
2,2,0.48897472,True
3,3,0.6817258,True
1,0,0.77547956,False
3,1,0.90152967,False
0,0,0.9487052,True
0,0,0.8970975,True
1,1,0.9939898,True
0,2,0.6218414,False
3,3,0.60492694,True
3,2,0.8944683,False
0,0,0.8754486,True
0,0,0.99014705,True
2,2,0.7636797,True
3,3,0.9899776,True
2,2,0.8533007,True
3,3,0.55975527,True
1,0,0.538261,False
0,1,0.5490064,False
3,1,0.8545852,False
3,3,0.7791684,True
0,0,0.99886584,True
3,3,0.92584646,True
1,1,0.96174,True
1,3,0.6379277,False
2,2,0.74712586,True
3,2,0.56171185,False
3,1,0.6368416,False
3,3,0.48151574,True
2,3,0.6393854,False
3,3,0.83327013,True
2,2,0.34246373,True
3,2,0.64976954,False
0,0,0.99607927,True
3,2,0.5901074,False
3,2,0.5594788,False
3,1,0.6943446,False
3,3,0.96997815,True
0,0,0.7929137,True
3,1,0.5860787,False
1,1,0.75466454,True
3,2,0.6604793,False
3,2,0.5164678,False
1,3,0.9607148,False
1,1,0.6603881,True
3,3,0.5954503,True
3,3,0.8622684,True
1,0,0.4618211,False
2,3,0.617196,False
3,3,0.48401973,True
2,2,0.89621276,True
0,0,0.75390434,True
1,1,0.7131973,True
0,0,0.44414493,True
2,3,0.8685958,False
1,1,0.99966073,True
3,3,0.9065474,True
3,3,0.53054756,True
3,3,0.98043764,True
0,0,0.99563134,True
0,2,0.62691724,False
1,1,0.9914384,True
2,1,0.3802628,False
3,2,0.6482704,False
2,3,0.45743027,False
2,2,0.6732241,True
2,0,0.526864,False
0,0,0.7894106,True
2,0,0.90761983,False
1,1,0.59582764,True
0,0,0.99509406,True
3,2,0.45826426,False
3,2,0.77112275,False
1,1,0.90642715,True
2,0,0.36110914,False
3,2,0.49846852,False
2,1,0.6863549,False
0,0,0.7963597,True
1,1,0.68925244,True
2,2,0.84986585,True
3,2,0.5291192,False
0,0,0.9903606,True
2,3,0.62433857,False
2,0,0.7305292,False
2,2,0.45917,True
1,1,0.5573235,True
1,1,0.9704954,True
2,3,0.38096088,False
3,3,0.808017,True
1,3,0.70121306,False
2,2,0.945977,True
1,1,0.97779936,True
1,1,0.97292095,True
3,2,0.86645854,False
1,1,0.45820644,True
1,0,0.40551648,False
0,0,0.9939388,True
0,2,0.53509396,False
3,3,0.8794709,True
0,3,0.54474866,False
1,3,0.66582584,False
2,0,0.6861937,False
1,1,0.5068469,True
3,3,0.62043667,True
0,0,0.9932682,True
2,2,0.5171713,True
1,2,0.63589823,False
3,3,0.7664384,True
3,3,0.9404932,True
1,1,0.72489053,True
3,2,0.37453687,False
3,3,0.7356269,True
2,0,0.6590912,False
2,2,0.35128838,True
3,3,0.9621945,True
1,1,0.9246839,True
2,2,0.611632,True
2,2,0.5543789,True
1,3,0.47286037,False
3,3,0.47027582,True
0,0,0.9755175,True
1,1,0.7624731,True
2,2,0.6772276,True
1,1,0.97798926,True
1,1,0.9352644,True
1,1,0.51365495,True
0,0,0.9385581,True
2,2,0.5599727,True
0,0,0.7864871,True
2,2,0.81142366,True
3,1,0.7917345,False
3,2,0.72889656,False
2,2,0.7397648,True
2,3,0.8406039,False
2,3,0.75983244,False
2,2,0.81865674,True
3,3,0.9832124,True
0,0,0.9742164,True
2,1,0.8128365,False
3,3,0.9217535,True
1,1,0.38571808,True
1,2,0.38691178,False
3,3,0.63341,True
3,2,0.46504098,False
3,1,0.48691326,False
3,3,0.76404047,True
1,0,0.6713342,False
3,3,0.6898505,True
2,2,0.48493415,True
0,0,0.60468733,True
0,0,0.9933467,True
1,1,0.6468553,True
0,1,0.9283215,False
2,2,0.652429,True
2,2,0.54448634,True
1,1,0.95683163,True
0,0,0.5351175,True
0,2,0.7128798,False
0,0,0.54714334,True
3,1,0.5328612,False
3,3,0.9221737,True
2,2,0.4799187,True
2,3,0.61064124,False
2,2,0.8639622,True
3,2,0.8949168,False
0,0,0.69090813,True
0,2,0.6343778,False
0,2,0.8037798,False
1,1,0.90002275,True
3,2,0.6431654,False
3,2,0.6442836,False
0,0,0.77670324,True
0,0,0.9720834,True
2,2,0.44007105,True
2,3,0.43653253,False
1,1,0.9887898,True
3,3,0.4091116,True
2,2,0.5917594,True
3,3,0.89218205,True
0,0,0.9982058,True
0,0,0.9649083,True
0,0,0.99854517,True
0,0,0.7709564,True
2,2,0.93081087,True
1,2,0.5083298,False
2,2,0.59233916,True
1,1,0.9769623,True
2,1,0.83538806,False
1,0,0.81479967,False
0,0,0.9991185,True
1,1,0.5664843,True
3,3,0.81935406,True
2,3,0.6424365,False
0,0,0.87104964,True
1,1,0.7165078,True
3,3,0.5306777,True
3,0,0.51410073,False
0,2,0.6639175,False
1,1,0.9195094,True
0,0,0.9803977,True
1,0,0.43906283,False
0,0,0.7905074,True
3,1,0.6587695,False
2,2,0.7847683,True
2,2,0.89164776,True
0,0,0.9465209,True
2,2,0.92136425,True
0,0,0.8830867,True
0,0,0.7460805,True
2,3,0.46260598,False
2,2,0.9385013,True
2,2,0.63857216,True
1,3,0.4365048,False
3,3,0.990087,True
0,0,0.9943317,True
3,3,0.7525996,True
3,3,0.8526058,True
2,2,0.91392076,True
2,3,0.6271341,False
0,0,0.9945241,True
3,3,0.6232268,True
1,1,0.92385405,True
1,1,0.9652273,True
1,3,0.5882911,False
2,3,0.5940953,False
1,1,0.9554975,True
3,3,0.65961015,True
1,2,0.38389677,False
2,2,0.8454361,True
0,2,0.6605077,False
2,2,0.89489156,True
3,3,0.58292794,True
3,3,0.9644854,True
0,0,0.99192095,True
3,3,0.5855408,True
1,1,0.72789705,True
3,3,0.5690371,True
3,1,0.43440676,False
1,1,0.83771664,True
0,0,0.9956866,True
1,3,0.6628548,False
2,2,0.7442542,True
2,2,0.840651,True
1,1,0.9819564,True
2,3,0.38413432,False
3,1,0.39467236,False
2,2,0.79178184,True
3,3,0.7778547,True
1,1,0.97523063,True
0,0,0.9738776,True
2,3,0.4494579,False
1,1,0.9238418,True
2,2,0.92396855,True
0,0,0.99377185,True
3,0,0.38822293,False
3,3,0.41187477,True
1,3,0.50924003,False
1,3,0.5898069,False
3,3,0.5279669,True
3,3,0.98998976,True
2,2,0.95205176,True
2,2,0.40679526,True
2,2,0.8356795,True
2,2,0.57902974,True
1,1,0.98051697,True
0,0,0.9689461,True
1,1,0.99336857,True
0,0,0.9788214,True
2,2,0.7377023,True
3,3,0.5577226,True
3,3,0.9497266,True
1,1,0.9470548,True
1,1,0.93608993,True
2,2,0.7306516,True
3,2,0.6776164,False
1,3,0.44298333,False
3,3,0.6737883,True
1,1,0.83102334,True
1,3,0.6810599,False
3,1,0.67221785,False
3,0,0.59704494,False
1,1,0.70998514,True
0,2,0.60880816,False
2,2,0.6876794,True
3,3,0.97643423,True
2,2,0.70880806,True
2,2,0.48009485,True
3,3,0.7407368,True
2,2,0.7209569,True
2,2,0.8030543,True
0,0,0.68175405,True
3,1,0.89834845,False
0,0,0.9881441,True
2,3,0.3891513,False
1,2,0.81550604,False
3,3,0.94095236,True
1,3,0.45848233,False
3,3,0.8916532,True
3,3,0.4988042,True
3,2,0.5894538,False
3,2,0.8424199,False
2,0,0.48473316,False
1,1,0.7987499,True
2,3,0.488907,False
3,1,0.3682364,False
0,0,0.97187155,True
3,3,0.5460041,True
1,3,0.6495869,False
1,1,0.99090695,True
3,3,0.95178515,True
0,0,0.9765732,True
2,3,0.6034232,False
2,2,0.78999674,True
0,2,0.43656123,False
0,0,0.99102074,True
1,0,0.82694626,False
1,3,0.5504686,False
3,1,0.5576222,False
3,3,0.34241,True
0,0,0.9982059,True
2,2,0.4737111,True
3,3,0.4260316,True
2,3,0.50761193,False
1,2,0.6121035,False
3,3,0.51725024,True
3,0,0.7062928,False
2,1,0.57334185,False
3,3,0.4902982,True
1,1,0.51617175,True
3,0,0.6590752,False
0,3,0.4122547,False
1,1,0.9690251,True
0,0,0.99653107,True
1,3,0.8860755,False
3,2,0.40527523,False
3,3,0.56783754,True
3,3,0.91525143,True
2,2,0.60076034,True
3,3,0.53677607,True
1,3,0.60272324,False
2,3,0.39429325,False
2,2,0.48963156,True
1,1,0.99436605,True
2,0,0.44362321,False
0,0,0.9974579,True
0,1,0.6242187,False
2,2,0.44441545,True
3,0,0.72141725,False
2,3,0.88556236,False
2,2,0.6621714,True
2,2,0.79740447,True
2,3,0.8087744,False
0,0,0.8591486,True
0,2,0.43142647,False
3,2,0.70884275,False
3,3,0.9039412,True
0,2,0.34744984,False
1,0,0.44626808,False
0,0,0.89319366,True
3,3,0.49688852,True
2,2,0.73810154,True
1,1,0.5433365,True
0,0,0.981216,True
2,2,0.826251,True
0,0,0.5102748,True
2,0,0.91425186,False
3,3,0.4753499,True
0,3,0.57216156,False
2,2,0.92660964,True
1,1,0.9726878,True
0,2,0.8932967,False
3,3,0.4538841,True
1,1,0.7971996,True
0,0,0.9690939,True
0,0,0.99020875,True
3,3,0.98389775,True
0,0,0.96744376,True
2,2,0.782437,True
0,3,0.50712466,False
3,1,0.44356358,False
2,2,0.9059826,True
0,0,0.7977128,True
0,3,0.7707888,False
0,0,0.9854534,True
2,2,0.8645496,True
2,1,0.47705704,False
0,0,0.75861156,True
3,3,0.68985116,True
1,0,0.8135353,False
0,0,0.96653116,True
2,2,0.58694994,True
0,0,0.77954465,True
2,2,0.89873266,True
0,0,0.9419816,True
3,3,0.7023612,True
1,3,0.64586955,False
1,3,0.6585499,False
2,2,0.35781848,True
0,0,0.93724173,True
1,0,0.97697794,False
3,3,0.5823787,True
3,3,0.42503434,True
1,1,0.88782555,True
3,3,0.8152262,True
0,0,0.9859433,True
1,1,0.97934306,True
3,3,0.51774126,True
1,1,0.99443156,True
0,0,0.94654185,True
2,2,0.71943146,True
0,0,0.9254832,True
1,0,0.99413294,False
3,3,0.8847181,True
2,3,0.48603556,False
1,1,0.9760885,True
0,0,0.5626422,True
2,2,0.88728625,True
1,1,0.9926852,True
1,2,0.795101,False
0,0,0.42510867,True
0,3,0.5472745,False
0,0,0.98315305,True
1,3,0.78817797,False
1,1,0.33691,True
0,0,0.9985668,True
0,1,0.9963296,False
2,2,0.78616804,True
0,2,0.56862336,False
2,2,0.72285384,True
1,1,0.98806095,True
3,2,0.76223207,False
1,0,0.7919854,False
3,0,0.6665075,False
2,2,0.3543132,True
2,2,0.7520312,True
3,3,0.36107013,True
0,0,0.42668402,True
0,0,0.9320775,True
1,2,0.5492224,False
3,0,0.4428242,False
1,2,0.67265296,False
2,3,0.43664378,False
3,3,0.88235116,True
0,2,0.7432083,False
0,0,0.8615992,True
1,1,0.7781166,True
3,1,0.8000804,False
2,2,0.4997771,True
2,1,0.34846497,False
2,3,0.41086784,False
0,3,0.45593154,False
1,0,0.81155866,False
2,2,0.6571769,True
0,0,0.80921006,True
3,2,0.59483254,False
0,0,0.96361834,True
0,0,0.9958474,True
3,3,0.6283707,True
2,2,0.57089746,True
0,0,0.9971595,True
0,0,0.837122,True
0,0,0.68495303,True
2,2,0.80346626,True
0,2,0.8438787,False
0,0,0.95378286,True
3,3,0.6802302,True
2,0,0.36626807,False
0,0,0.830244,True
3,3,0.5469191,True
1,1,0.7071982,True
3,3,0.8815944,True
2,2,0.82694614,True
1,2,0.43347803,False
0,0,0.6517821,True
3,1,0.62053025,False
1,2,0.48486212,False
1,3,0.7241846,False
2,3,0.5200912,False
1,3,0.63615817,False
2,2,0.8594246,True
2,2,0.51686394,True
1,3,0.60523105,False
1,1,0.6621883,True
0,0,0.7887067,True
2,0,0.6417137,False
0,1,0.535036,False
3,3,0.76491994,True
1,3,0.41515508,False
3,3,0.5799145,True
1,1,0.5490832,True
1,1,0.67542785,True
2,2,0.8857619,True
3,3,0.8017761,True
3,2,0.52029675,False
3,3,0.80911326,True
1,3,0.63239396,False
2,3,0.52622235,False
1,2,0.9067606,False
0,0,0.81219476,True
0,0,0.90454894,True
1,1,0.9215505,True
2,2,0.6808737,True
1,3,0.5586175,False
3,3,0.6227155,True
2,2,0.91683847,True
0,0,0.626968,True
1,1,0.99688137,True
3,3,0.63073605,True
1,1,0.73911196,True
2,3,0.36373925,False
1,3,0.68293244,False
3,2,0.83874553,False
0,3,0.57200336,False
2,2,0.67016244,True
2,2,0.4753562,True
1,3,0.69509375,False
1,1,0.4656155,True
2,2,0.85717696,True
2,2,0.81027675,True
0,0,0.838633,True
3,2,0.5212072,False
3,3,0.8981665,True
0,2,0.37600622,False
2,2,0.8585619,True
1,1,0.9955303,True
1,1,0.7949365,True
2,2,0.6420397,True
2,3,0.52639914,False
3,3,0.63224286,True
0,0,0.9722645,True
2,2,0.94597507,True
2,2,0.59266526,True
3,0,0.3862701,False
0,0,0.96009606,True
0,0,0.80317193,True
3,3,0.68312055,True
3,3,0.5074139,True
0,0,0.9754613,True
0,0,0.95656246,True
2,2,0.744652,True
0,0,0.9844624,True
1,2,0.49668297,False
3,2,0.7106822,False
2,2,0.50257754,True
2,2,0.6011436,True
0,0,0.9925,True
1,1,0.6626747,True
3,3,0.93300927,True
2,3,0.49574658,False
2,2,0.9535835,True
2,2,0.6379623,True
1,3,0.4667464,False
0,0,0.5055591,True
0,0,0.9736408,True
1,2,0.47357157,False
2,1,0.46634862,False
3,2,0.68443483,False
2,2,0.68959624,True
0,0,0.93928427,True
3,3,0.39729345,True
3,3,0.72160876,True
1,1,0.99095374,True
3,1,0.5846922,False
0,0,0.9922593,True
3,3,0.9542178,True
2,3,0.54290557,False
1,1,0.93647075,True
3,0,0.44443944,False
3,3,0.96651834,True
3,1,0.86095566,False
3,1,0.63864434,False
1,1,0.99864835,True
3,3,0.5799145,True
2,3,0.66684365,False
2,2,0.8881512,True
1,3,0.80779606,False
2,3,0.907965,False
1,1,0.48213056,True
2,2,0.76225555,True
0,0,0.9901085,True
1,1,0.96112525,True
1,3,0.49701688,False
2,2,0.6259805,True
3,3,0.85580087,True
3,0,0.51743513,False
2,2,0.7917673,True
0,0,0.99570763,True
2,2,0.7351921,True
1,3,0.4132175,False
3,3,0.7402798,True
1,1,0.8902776,True
0,0,0.36845064,True
0,0,0.9983432,True
1,2,0.33607608,False
1,1,0.9406164,True
2,0,0.7818751,False
3,3,0.83844,True
2,0,0.40200728,False
0,0,0.881106,True
1,2,0.5674527,False
1,1,0.991267,True
0,0,0.4590404,True
0,2,0.50098926,False
2,2,0.7164744,True
3,2,0.37480566,False
3,2,0.55422455,False
0,0,0.6013326,True
0,0,0.9868506,True
1,0,0.44102108,False
0,0,0.99520856,True
2,3,0.6290512,False
3,3,0.5441986,True
3,1,0.42178217,False
2,2,0.852464,True
3,3,0.7576313,True
0,0,0.9302575,True
1,1,0.51670957,True
1,1,0.9993036,True
2,0,0.6133006,False
1,3,0.47191143,False
3,3,0.93649465,True
0,2,0.5802237,False
1,1,0.9995528,True
2,2,0.80293494,True
0,2,0.80098367,False
3,3,0.88913214,True
3,2,0.41623157,False
0,0,0.9695686,True
0,0,0.9825503,True
2,2,0.8961628,True
2,2,0.823273,True
2,3,0.4655692,False
0,0,0.9963075,True
1,1,0.40896928,True
1,1,0.80454016,True
1,0,0.81899244,False
3,1,0.50500673,False
2,2,0.49548542,True
2,2,0.8748205,True
1,2,0.7753919,False
1,1,0.6144487,True
2,2,0.81068325,True
1,1,0.82541364,True
0,0,0.8166888,True
2,2,0.65873957,True
2,3,0.33002496,False
2,2,0.5169657,True
2,3,0.5960604,False
0,2,0.43428686,False
3,1,0.6219497,False
0,0,0.9031996,True
1,0,0.4070698,False
3,2,0.7697814,False
1,3,0.66753817,False
3,3,0.96368325,True
3,3,0.59937036,True
0,0,0.6902134,True
3,3,0.71876377,True
3,2,0.7372884,False
0,2,0.54860145,False
1,2,0.60094523,False
1,1,0.6779057,True
0,0,0.9261698,True
2,0,0.33089975,False
0,0,0.99376667,True
2,2,0.73576623,True
3,3,0.46055087,True
0,0,0.9452695,True
2,2,0.6604535,True
2,2,0.7632866,True
0,0,0.9643793,True
2,2,0.5898122,True
0,0,0.53368384,True
3,3,0.8579789,True
2,0,0.77204394,False
2,2,0.89456624,True
3,0,0.79618275,False
3,3,0.54470205,True
3,3,0.46826547,True
2,2,0.68246573,True
3,2,0.47158566,False
1,1,0.99361056,True
1,1,0.91115886,True
2,2,0.90828747,True
1,1,0.63113153,True
2,2,0.783537,True
1,1,0.9966298,True
0,0,0.9339557,True
3,2,0.6779737,False
1,1,0.9545026,True
1,1,0.8498854,True
2,3,0.48810342,False
2,2,0.48682222,True
3,3,0.73126805,True
3,3,0.43520027,True
2,2,0.9081231,True
0,3,0.5978945,False
2,2,0.502863,True
0,0,0.71682096,True
0,0,0.9776393,True
2,2,0.63717467,True
1,0,0.44249883,False
0,0,0.9836172,True
0,0,0.76863146,True
2,0,0.4945929,False
2,3,0.7646332,False
0,0,0.9142948,True
0,0,0.96273726,True
2,2,0.5059879,True
2,2,0.74990726,True
0,0,0.9171913,True
3,2,0.8250257,False
0,0,0.8097253,True
3,3,0.75463086,True
1,1,0.7320907,True
3,1,0.9943948,False
2,3,0.80670696,False
3,3,0.46242735,True
0,0,0.9463755,True
3,3,0.6689187,True
2,2,0.49118266,True
2,2,0.8254076,True
2,2,0.4699961,True
3,2,0.9306733,False
3,1,0.8075171,False
3,3,0.7825915,True
1,3,0.49155453,False
1,1,0.8161396,True
1,3,0.7853251,False
2,2,0.6054506,True
3,3,0.574696,True
0,0,0.90228677,True
2,3,0.5460321,False
2,1,0.47851685,False
0,0,0.9966438,True
3,1,0.869601,False
3,3,0.81210095,True
1,1,0.6856072,True
1,1,0.98376,True
0,0,0.61771774,True
1,3,0.8615695,False
2,2,0.74981576,True
1,3,0.49663946,False
1,0,0.40888312,False
0,0,0.99542725,True
2,3,0.41423982,False
1,2,0.6737529,False
1,1,0.7353011,True
3,2,0.41035527,False
2,2,0.6800802,True
2,2,0.48974374,True
3,3,0.61993486,True
1,1,0.88073057,True
3,3,0.7500784,True
3,3,0.8959802,True
2,2,0.85424304,True
0,0,0.57863426,True
3,3,0.35883996,True
1,1,0.97795504,True
1,1,0.8907612,True
0,0,0.7282776,True
3,0,0.5902296,False
3,3,0.90342623,True
0,2,0.9177339,False
2,2,0.8664359,True
3,0,0.4417076,False
2,2,0.7768724,True
0,1,0.4579621,False
2,0,0.5743835,False
0,0,0.94511604,True
0,2,0.35348406,False
0,0,0.9063259,True
0,0,0.79641247,True
1,1,0.7953052,True
0,0,0.9988335,True
0,0,0.8820838,True
0,0,0.7573307,True
2,2,0.73638064,True
0,0,0.9704155,True
0,0,0.9971825,True
3,2,0.62948596,False
0,0,0.74862206,True
0,0,0.9919373,True
0,0,0.9568886,True
2,2,0.38779542,True
3,3,0.61752367,True
2,3,0.48416144,False
3,3,0.66917586,True
1,1,0.5514841,True
2,2,0.5418712,True
2,2,0.7140685,True
0,3,0.61820453,False
2,2,0.91814166,True
2,3,0.846678,False
2,2,0.49372727,True
2,3,0.5017403,False
0,0,0.89367604,True
0,0,0.98583,True
1,2,0.5155123,False
0,3,0.5689099,False
3,3,0.53882825,True
1,1,0.9772448,True
2,2,0.9374359,True
2,2,0.80126196,True
0,0,0.97767866,True
3,0,0.43769142,False
0,0,0.99708194,True
0,1,0.5360134,False
1,1,0.52461153,True
2,2,0.43022814,True
3,3,0.41485873,True
1,3,0.7905599,False
3,2,0.70241815,False
1,3,0.6294717,False
2,3,0.8179355,False
2,2,0.46180987,True
2,2,0.6223533,True
3,2,0.62233686,False
1,1,0.7959917,True
3,2,0.76501733,False
0,0,0.9923189,True
3,3,0.8898135,True
1,1,0.52725565,True
2,0,0.8625544,False
3,3,0.5100596,True
1,1,0.89963704,True
1,1,0.5658401,True
1,2,0.38512284,False
0,0,0.98380566,True
1,1,0.61218584,True
0,2,0.8936413,False
0,0,0.78334665,True
3,2,0.57014245,False
0,3,0.5947444,False
1,1,0.76371837,True
2,2,0.97561353,True
2,2,0.91147226,True
0,0,0.9766724,True
1,1,0.7022488,True
0,0,0.90292037,True
3,3,0.86674064,True
2,2,0.7038222,True
1,1,0.593962,True
1,1,0.8029295,True
3,3,0.58379036,True
2,2,0.64852357,True
2,2,0.6948592,True
2,1,0.60006124,False
0,0,0.99827003,True
3,1,0.5068135,False
0,0,0.99757284,True
2,2,0.7276452,True
0,0,0.9885796,True
0,0,0.73078704,True
0,0,0.6879158,True
0,0,0.90669745,True
3,3,0.6885583,True
3,3,0.8382487,True
2,2,0.9056388,True
2,2,0.5200656,True
2,2,0.94730824,True
2,2,0.35692295,True
1,1,0.5208409,True
2,2,0.33962432,True
0,1,0.45678163,False
0,0,0.40716833,True
1,3,0.65257573,False
2,2,0.5483877,True
3,3,0.746169,True
0,0,0.4107687,True
1,1,0.8049416,True
0,1,0.9663647,False
2,3,0.54686844,False
2,3,0.42576358,False
0,0,0.9803389,True
1,1,0.8211102,True
3,3,0.8448644,True
0,0,0.5437509,True
3,1,0.93772703,False
3,3,0.9642966,True
0,0,0.948035,True
1,2,0.4874451,False
0,0,0.9032926,True
2,3,0.39450806,False
3,2,0.43983033,False
1,1,0.8941389,True
0,0,0.63997185,True
2,2,0.737005,True
1,1,0.7666925,True
2,2,0.7473004,True
1,1,0.791446,True
0,0,0.8739997,True
3,3,0.9180546,True
3,3,0.9419053,True
3,3,0.94167095,True
0,0,0.6146199,True
2,2,0.9390601,True
1,1,0.8873506,True
3,3,0.7021345,True
0,0,0.58959675,True
1,1,0.6413637,True
3,3,0.9013788,True
3,3,0.76148057,True
0,0,0.9910595,True
3,3,0.8958266,True
2,2,0.85947526,True
3,3,0.72701365,True
0,0,0.99720037,True
2,2,0.540214,True
2,3,0.5755928,False
3,3,0.8195733,True
1,1,0.8698553,True
0,0,0.44638234,True
2,2,0.6503038,True
2,2,0.85514945,True
3,3,0.9676145,True
3,0,0.78147393,False
1,1,0.8538514,True
1,1,0.99566287,True
3,3,0.4409072,True
1,3,0.6152538,False
1,1,0.9608289,True
1,1,0.8838231,True
3,2,0.83363676,False
3,3,0.57383394,True
0,0,0.77599573,True
0,0,0.99328196,True
2,3,0.5333482,False
3,3,0.4830083,True
3,2,0.50157535,False
3,1,0.4629769,False
2,2,0.46144548,True
2,2,0.8438373,True
0,3,0.88959503,False
1,2,0.63418734,False
1,1,0.93944556,True
2,2,0.48001286,True
0,0,0.88102525,True
3,3,0.8346911,True
3,3,0.89970535,True
0,3,0.90754193,False
0,0,0.97278273,True
0,0,0.9878622,True
0,0,0.9972313,True
1,1,0.9910353,True
1,1,0.80479217,True
0,0,0.7228311,True
2,3,0.37959963,False
3,3,0.50795424,True
0,0,0.5064645,True
1,1,0.9856516,True
2,3,0.52771926,False
0,0,0.4530693,True
2,2,0.8937736,True
1,0,0.42238286,False
0,1,0.47012943,False
1,3,0.8860697,False
3,3,0.96915,True
0,3,0.62751395,False
3,3,0.7580006,True
2,0,0.987914,False
3,3,0.35612044,True
1,3,0.566146,False
2,2,0.8763459,True
0,0,0.77974707,True
3,3,0.43748477,True
2,2,0.48063168,True
0,0,0.9193266,True
3,1,0.55511993,False
0,3,0.65309316,False
0,0,0.949148,True
0,0,0.9939306,True
2,2,0.4597466,True
1,3,0.42305318,False
2,2,0.7984158,True
1,3,0.5284849,False
2,3,0.39821026,False
0,0,0.49270672,True
2,0,0.7773787,False
1,3,0.6848312,False
0,0,0.5619427,True
1,3,0.8546205,False
0,0,0.6818742,True
1,3,0.5446321,False
2,3,0.52428067,False
1,1,0.6231504,True
3,3,0.9759494,True
1,1,0.71754736,True
1,3,0.75136006,False
3,3,0.6306762,True
0,0,0.9746653,True
2,0,0.6728471,False
0,0,0.9494123,True
0,0,0.52675676,True
1,3,0.4574353,False
0,0,0.9980744,True
3,2,0.6106789,False
2,2,0.6511559,True
0,3,0.43217546,False
1,1,0.98945194,True
3,2,0.39286277,False
3,3,0.8977829,True
3,3,0.93201435,True
0,0,0.82297313,True
3,3,0.84421194,True
1,3,0.5883142,False
0,0,0.9973767,True
3,2,0.6140013,False
1,3,0.7080157,False
2,3,0.48856857,False
0,0,0.57961786,True
0,3,0.5289512,False
0,0,0.9491002,True
2,3,0.4864035,False
3,2,0.7776151,False
3,3,0.9217554,True
0,0,0.9529869,True
1,1,0.73455876,True
0,0,0.9951669,True
1,1,0.8668567,True
0,0,0.9750148,True
2,2,0.7284579,True
2,2,0.5401194,True
3,3,0.9568553,True
3,3,0.8771141,True
3,3,0.77967846,True
1,1,0.59946185,True
2,0,0.95935,False
3,3,0.94565886,True
3,3,0.52295876,True
2,2,0.90431184,True
0,0,0.45830622,True
1,2,0.40860495,False
3,0,0.7930296,False
3,3,0.8191447,True
2,2,0.83652884,True
3,3,0.9918618,True
3,2,0.6476531,False
0,0,0.9831377,True
0,0,0.8799545,True
2,3,0.4331091,False
2,2,0.52934134,True
2,2,0.85218686,True
0,0,0.9679518,True
1,3,0.7265918,False
1,1,0.63228154,True
0,0,0.86056864,True
2,2,0.82393926,True
1,0,0.90182513,False
3,3,0.79345876,True
0,0,0.9758597,True
2,2,0.916565,True
1,0,0.6271438,False
1,1,0.5132233,True
3,2,0.64857507,False
0,0,0.74350566,True
3,3,0.44666284,True
1,1,0.9710424,True
1,1,0.5745636,True
1,1,0.9771911,True
2,0,0.9973513,False
2,2,0.8120541,True
3,3,0.5070138,True
1,1,0.93061334,True
3,3,0.8764678,True
2,2,0.6135092,True
3,3,0.5785728,True
0,0,0.76421523,True
0,0,0.877442,True
2,2,0.46634728,True
2,0,0.8133452,False
1,1,0.99541736,True
1,1,0.8365941,True
2,3,0.5009027,False
0,2,0.40442455,False
2,3,0.5713091,False
3,2,0.3937098,False
0,0,0.71680015,True
1,1,0.6376789,True
0,2,0.665528,False
0,0,0.9914352,True
0,3,0.49538043,False
1,1,0.97095317,True
2,2,0.62518024,True
3,2,0.6436582,False
1,1,0.81103647,True
3,3,0.79539865,True
3,3,0.4873936,True
1,1,0.89314663,True
1,3,0.57848537,False
0,0,0.9150333,True
2,2,0.66938525,True
3,1,0.8968121,False
3,2,0.9078038,False
0,0,0.8176882,True
3,3,0.9666214,True
0,0,0.98806983,True
0,1,0.51081073,False
1,3,0.69317234,False
1,1,0.3934022,True
3,3,0.97811437,True
0,2,0.6091765,False
3,3,0.7585587,True
1,1,0.9648446,True
3,1,0.4771176,False
3,2,0.61447036,False
0,0,0.6484176,True
0,0,0.9612288,True
2,2,0.4802684,True
0,3,0.3903727,False
2,3,0.5101393,False
1,1,0.88786614,True
0,0,0.90194625,True
1,1,0.98881185,True
1,1,0.95232856,True
2,3,0.48477513,False
3,3,0.6191126,True
1,1,0.9916374,True
0,3,0.55932176,False
3,0,0.4480601,False
2,0,0.7280221,False
1,1,0.8847836,True
1,1,0.9513636,True
1,0,0.45464715,False
3,3,0.7573577,True
1,1,0.9104813,True
2,3,0.5209135,False
0,0,0.9762564,True
2,2,0.60757595,True
3,3,0.96400106,True
0,0,0.8710683,True
2,3,0.4980931,False
0,0,0.99667704,True
0,0,0.9700789,True
1,1,0.72241783,True
1,3,0.59715426,False
1,1,0.7694442,True
2,2,0.77893084,True
3,2,0.6085503,False
0,0,0.5388545,True
3,3,0.761379,True
3,3,0.74362165,True
1,1,0.9077042,True
3,2,0.5087911,False
0,0,0.9964187,True
0,0,0.99716395,True
3,3,0.5673436,True
1,1,0.9897013,True
1,3,0.60647565,False
2,0,0.72317064,False
1,1,0.44340098,True
3,1,0.6545776,False
3,1,0.5170782,False
2,2,0.75760645,True
1,1,0.6677594,True
2,2,0.851179,True
3,1,0.6643425,False
0,0,0.9935768,True
2,2,0.7270484,True
0,0,0.6114469,True
2,2,0.5522686,True
2,3,0.5621487,False
2,0,0.5674765,False
2,2,0.83790934,True
3,3,0.5210358,True
0,0,0.9756805,True
1,3,0.8228968,False
0,2,0.49816516,False
0,0,0.9842689,True
3,0,0.7058055,False
3,2,0.54238164,False
2,2,0.5634315,True
0,0,0.95859265,True
1,1,0.97636807,True
0,0,0.99434114,True
3,2,0.59625846,False
3,3,0.52134484,True
2,2,0.89806956,True
0,2,0.90801704,False
0,0,0.9897469,True
2,2,0.866237,True
0,0,0.99709415,True
0,0,0.5269694,True
0,0,0.81633836,True
0,0,0.9978694,True
0,0,0.99804556,True
0,0,0.99653876,True
2,2,0.76425236,True
2,3,0.7220909,False
1,1,0.9766766,True
2,2,0.7503914,True
0,0,0.9848076,True
3,2,0.47288844,False
3,2,0.63153744,False
0,2,0.6419134,False
0,2,0.57990474,False
1,1,0.99680626,True
0,0,0.9784501,True
2,2,0.8599768,True
1,1,0.7172721,True
0,0,0.83053964,True
3,2,0.54881585,False
1,1,0.81886935,True
2,0,0.5839466,False
1,1,0.7987889,True
1,1,0.47802716,True
0,0,0.8967705,True
2,2,0.89464164,True
2,2,0.53992736,True
2,2,0.55367553,True
2,2,0.5731785,True
1,1,0.6875083,True
0,1,0.4808871,False
1,1,0.95880973,True
1,1,0.8770295,True
2,2,0.48938027,True
0,0,0.9971595,True
1,1,0.9823514,True
2,3,0.5129804,False
2,2,0.704438,True
0,0,0.88264185,True
1,3,0.5968572,False
1,1,0.9876565,True
3,0,0.66180736,False
0,0,0.9979139,True
0,3,0.42139292,False
0,2,0.51318747,False
2,2,0.89816105,True
2,2,0.91793835,True
2,2,0.4281705,True
3,3,0.48496705,True
2,2,0.6138098,True
0,0,0.99129874,True
3,1,0.73449934,False
2,2,0.88023925,True
2,2,0.56864685,True
2,2,0.792208,True
0,0,0.9954608,True
1,1,0.77608204,True
1,1,0.79558694,True
3,1,0.5897059,False
3,2,0.91585577,False
0,0,0.4549046,True
0,0,0.9369928,True
1,3,0.8946548,False
3,1,0.6773148,False
3,1,0.47929156,False
0,1,0.58465993,False
3,3,0.73970723,True
3,2,0.28749698,False
3,3,0.718068,True
2,1,0.6762758,False
0,0,0.78757226,True
2,2,0.7457186,True
3,3,0.7650524,True
0,0,0.96164,True
2,2,0.6147946,True
1,3,0.6291941,False
3,2,0.81723744,False
1,1,0.65464437,True
1,3,0.73925793,False
3,3,0.4751851,True
2,2,0.77212006,True
1,1,0.98326844,True
2,2,0.70640856,True
1,1,0.4812808,True
0,0,0.9879858,True
3,3,0.49168682,True
2,2,0.96992403,True
0,0,0.8586176,True
3,3,0.5914344,True
0,0,0.99447155,True
3,1,0.47702378,False
0,0,0.822432,True
2,2,0.90028787,True
2,2,0.8753194,True
3,2,0.48330134,False
2,2,0.5257479,True
1,1,0.7247498,True
1,3,0.81956,False
3,3,0.91625786,True
2,2,0.7269706,True
2,2,0.80457157,True
1,2,0.6682004,False
2,2,0.8810082,True
1,2,0.49481016,False
1,3,0.5253908,False
2,3,0.46593437,False
2,3,0.6313952,False
0,3,0.7287848,False
0,0,0.99295044,True
1,3,0.5580736,False
2,2,0.6116395,True
3,3,0.54373246,True
3,3,0.5231144,True
2,0,0.638347,False
2,2,0.8504987,True
1,1,0.61475056,True
0,0,0.9501211,True
2,2,0.8192481,True
2,2,0.346693,True
1,1,0.5546888,True
3,2,0.9026066,False
1,1,0.9526822,True
3,2,0.6831663,False
1,1,0.9878203,True
1,1,0.5613503,True
2,2,0.8571712,True
0,0,0.99388325,True
0,2,0.6159403,False
3,1,0.6667179,False
1,1,0.89846075,True
2,3,0.49465477,False
1,1,0.9716697,True
3,1,0.8757704,False
1,3,0.7940597,False
0,0,0.9971511,True
3,3,0.6880747,True
0,3,0.5120824,False
3,1,0.69727296,False
2,0,0.9944989,False
2,2,0.40465495,True
3,3,0.7227813,True
3,3,0.9883222,True
0,0,0.6515568,True
2,2,0.7566528,True
1,1,0.8321885,True
2,2,0.8709728,True
0,0,0.83509445,True
3,2,0.60628825,False
0,0,0.9870952,True
0,0,0.9813772,True
0,3,0.7986736,False
1,1,0.84493667,True
3,2,0.8230269,False
3,3,0.93102616,True
2,2,0.42421404,True
1,1,0.48869148,True
3,1,0.6644455,False
3,3,0.9725184,True
1,1,0.9523717,True
0,3,0.5958179,False
2,2,0.67573965,True
1,3,0.64718884,False
2,2,0.9158711,True
0,1,0.6522885,False
0,0,0.99700075,True
1,1,0.9414267,True
1,1,0.73802567,True
1,1,0.9254516,True
2,2,0.71882844,True
0,0,0.881562,True
1,3,0.84019834,False
2,2,0.5000562,True
3,3,0.5142728,True
0,0,0.9985825,True
0,0,0.98022723,True
2,2,0.6029135,True
3,1,0.61270463,False
1,1,0.51650554,True
3,2,0.6913865,False
3,3,0.7770513,True
2,2,0.6182755,True
2,2,0.77519804,True
3,2,0.40076035,False
2,2,0.8875925,True
3,3,0.5776103,True
0,0,0.9416901,True
3,3,0.70940506,True
3,1,0.7795273,False
3,3,0.63952494,True
1,3,0.52864903,False
0,0,0.97948736,True
3,3,0.50070465,True
0,0,0.9612127,True
2,2,0.9229102,True
3,3,0.70757544,True
0,0,0.63015676,True
2,2,0.9448426,True
3,3,0.94529665,True
1,1,0.73903346,True
2,2,0.91163576,True
3,3,0.982586,True
0,0,0.40870526,True
3,0,0.692884,False
0,3,0.6708266,False
2,2,0.49833235,True
3,1,0.8067773,False
3,1,0.527358,False
2,2,0.5769931,True
3,2,0.8662921,False
3,2,0.53144777,False
0,0,0.9290805,True
0,0,0.9661263,True
3,3,0.573421,True
1,1,0.9243786,True
2,2,0.47836885,True
2,3,0.601488,False
1,2,0.6477998,False
2,0,0.92004097,False
2,2,0.8644329,True
0,2,0.49751556,False
2,2,0.5257338,True
1,1,0.96112865,True
0,0,0.8632328,True
3,1,0.42691833,False
0,0,0.8908608,True
2,2,0.9387163,True
1,1,0.32700574,True
0,0,0.97996384,True
1,1,0.994222,True
1,2,0.46204805,False
0,2,0.56714803,False
0,0,0.90114504,True
2,2,0.66469216,True
0,0,0.9838922,True
1,3,0.5648647,False
0,0,0.8013287,True
1,1,0.9676591,True
0,0,0.9365842,True
2,2,0.60572475,True
0,0,0.85543346,True
0,0,0.98785895,True
0,3,0.51336133,False
2,2,0.6953131,True
2,2,0.8239805,True
1,1,0.8774593,True
2,2,0.53570503,True
2,2,0.8888939,True
2,3,0.5238256,False
0,2,0.5399812,False
2,2,0.65362614,True
3,2,0.8302544,False
2,2,0.5459629,True
0,0,0.9916061,True
3,0,0.37302056,False
0,2,0.4853878,False
0,0,0.9801665,True
1,1,0.38654715,True
1,3,0.4134849,False
1,1,0.4849757,True
3,3,0.8845458,True
3,3,0.72757566,True
1,0,0.43321165,False
1,1,0.9953489,True
3,3,0.5584826,True
1,2,0.4307996,False
3,3,0.7335092,True
1,0,0.59328824,False
2,3,0.7505375,False
2,1,0.60918456,False
0,0,0.9626579,True
1,3,0.51343,False
3,3,0.68292344,True
0,0,0.9590112,True
2,2,0.8130052,True
1,1,0.996851,True
0,0,0.79756665,True
0,0,0.95320326,True
2,2,0.6076134,True
2,2,0.7346836,True
3,3,0.8349104,True
3,3,0.54727095,True
3,2,0.6394671,False
1,3,0.76055276,False
1,1,0.97742414,True
2,2,0.4762139,True
2,3,0.7383363,False
2,2,0.41766852,True
1,1,0.6472632,True
0,0,0.9942186,True
1,1,0.94495136,True
3,2,0.7491584,False
1,3,0.7038227,False
2,2,0.43477386,True
0,0,0.8639627,True
3,2,0.86560494,False
3,3,0.87587327,True
2,2,0.83384764,True
2,2,0.8315057,True
3,3,0.93323493,True
1,3,0.8220862,False
0,0,0.99706215,True
2,3,0.7282974,False
0,0,0.9863495,True
3,2,0.7641712,False
3,0,0.37561256,False
3,1,0.43763772,False
2,2,0.5873336,True
2,2,0.8987942,True
0,3,0.49704698,False
1,3,0.46021527,False
2,2,0.47112855,True
3,3,0.828037,True
2,3,0.50811607,False
0,3,0.44937727,False
0,2,0.87797105,False
0,1,0.51118237,False
2,3,0.5845592,False
3,3,0.49909505,True
3,3,0.5567344,True
1,1,0.9758127,True
0,0,0.9836991,True
2,2,0.8445974,True
1,1,0.98611474,True
2,2,0.46533892,True
3,2,0.44767416,False
2,2,0.5005514,True
1,1,0.73021597,True
0,3,0.35426888,False
3,2,0.6241839,False
2,2,0.52409804,True
3,2,0.59318066,False
0,0,0.53915346,True
1,2,0.6776416,False
0,0,0.98998207,True
0,0,0.9311988,True
1,3,0.3776876,False
3,2,0.5317792,False
3,3,0.9713353,True
2,2,0.71028006,True
3,3,0.36185005,True
3,3,0.8443705,True
0,0,0.94357675,True
3,3,0.7893784,True
0,0,0.3431863,True
1,1,0.9765172,True
1,1,0.89760315,True
2,2,0.56521595,True
3,3,0.46247324,True
2,2,0.4241346,True
1,1,0.7796113,True
3,3,0.65955865,True
3,0,0.86590296,False
2,2,0.7293952,True
1,1,0.9219244,True
0,0,0.98180217,True
3,3,0.8597338,True
0,0,0.94283205,True
2,3,0.6172354,False
0,0,0.9698762,True
1,1,0.8851703,True
3,1,0.70708615,False
0,0,0.98980623,True
1,1,0.65370345,True
3,2,0.47135648,False
0,0,0.96021926,True
3,3,0.38444054,True
1,1,0.54219776,True
0,0,0.9656392,True
