#{"t_start": 1764678422.201386, "env_id": "FlappyBird-v0"}
r,l,t
-7.5,50,1.118503
-8.1,50,1.132174
-6.3,50,1.145761
-8.7,50,1.159424
-7.5,50,1.173093
-6.3,50,1.186984
-7.5,50,1.200729
-6.3,50,1.214253
-8.7,50,1.227793
-7.5,50,1.24136
-7.5,50,1.254969
-7.5,50,1.268602
-7.5,50,1.282422
-8.1,50,1.296136
-8.1,50,1.309765
-7.5,50,1.323535
-8.1,50,1.337203
-7.5,50,1.350923
-7.5,50,1.364713
-7.5,50,1.378305
-6.3,50,1.391856
-8.7,50,1.405449
-7.5,50,1.419089
-7.5,50,1.432803
-7.5,50,1.4464
-8.1,50,1.46001
-8.7,50,1.4737
-8.7,50,1.516565
-8.1,50,1.531005
-5.7,50,1.544911
-8.1,50,1.558881
-7.5,50,1.601232
-8.1,50,1.616896
-7.5,50,1.631632
-5.7,50,1.662545
-8.1,50,1.690925
-8.1,50,1.705919
-6.9,50,1.72202
-8.1,50,1.764282
-7.5,50,1.778706
-7.5,50,2.37544
-8.1,50,2.389914
-6.9,50,2.404224
-7.5,50,2.41855
-8.1,50,2.432871
-7.5,50,2.448038
-8.1,50,2.462478
-8.1,50,2.477577
-6.3,50,2.492157
-8.1,50,2.510062
-6.3,50,2.527895
-8.1,50,2.545849
-8.1,50,2.565071
-7.5,50,2.581037
-6.9,50,2.595878
-8.7,50,2.610518
-8.1,50,2.624931
-7.5,50,2.639299
-8.7,50,2.653842
-7.5,50,2.668357
-5.7,50,2.683123
-8.1,50,2.697876
-8.1,50,2.712503
-7.5,50,2.726758
-6.3,50,2.741218
-8.7,50,2.755574
-6.9,50,2.770533
-8.1,50,2.784801
-4.5,50,2.799076
-7.5,50,2.81337
-6.3,50,2.827575
-7.5,50,2.84177
-7.5,50,2.856182
-8.7,50,2.870662
-8.1,50,2.884948
-8.1,50,2.899356
-8.7,50,2.913423
-7.5,50,2.927645
-6.9,50,2.942125
-7.5,50,2.956203
-8.1,50,2.970221
-6.3,50,3.483811
-6.9,50,3.499373
-5.7,50,3.515603
-4.5,50,3.530034
-7.5,50,3.544599
-6.9,50,3.558908
-4.5,50,3.574319
-7.5,50,3.589255
-6.3,50,3.604281
-6.9,50,3.619125
-7.5,50,3.633227
-6.9,50,3.647319
-7.5,50,3.66141
-6.3,50,3.67557
-7.5,50,3.689914
-5.1,50,3.703869
-6.9,50,3.717764
-4.5,50,3.731627
-8.1,50,3.745476
-8.1,50,3.759309
-3.9,50,3.77332
-2.7,50,3.787113
-5.7,50,3.801013
-3.3,50,3.814804
-4.5,50,3.828635
-6.9,50,3.842444
-6.9,50,3.856205
-2.7,50,3.870044
-6.9,50,3.883775
-0.3,50,3.897449
-6.9,50,3.911165
-5.7,50,3.924936
-6.3,50,3.938705
-6.3,50,3.952451
-6.9,50,3.96622
-3.9,50,3.979965
-6.9,50,3.993761
-5.7,50,4.007596
-5.7,50,4.021321
-7.5,50,4.035016
-6.9,50,4.048686
-4.5,50,6.374128
-5.7,50,6.388804
-6.3,50,6.403173
2.1,50,6.417562
-5.1,50,6.431782
-5.1,50,6.446232
-0.9,50,6.460234
-2.1,50,6.474243
-6.3,50,6.488331
-6.9,50,6.502473
-4.5,50,6.517067
-0.3,50,6.531185
-5.7,50,6.54509
-6.3,50,6.559227
-1.5,50,6.573306
-5.1,50,6.587234
-5.1,50,6.601695
-3.3,50,6.615927
-3.9,50,6.63001
-5.7,50,6.644012
-5.7,50,6.658038
-0.3,50,6.672256
-7.5,50,6.68683
-5.1,50,6.701061
-5.7,50,6.715627
-7.5,50,6.72973
-5.7,50,6.743968
-4.5,50,6.759132
-5.7,50,6.774045
-5.7,50,6.788485
-3.3,50,6.802744
-5.7,50,6.816825
-6.3,50,6.83099
-3.3,50,6.845752
-0.9,50,6.860813
-5.1,50,6.87513
-3.9,50,6.889293
-5.1,50,6.903591
-7.5,50,6.917942
-6.9,50,6.932741
-4.5,50,6.946818
-5.7,50,7.513603
-3.3,50,7.531387
0.9,50,7.548667
-2.7,50,7.563979
-1.5,50,7.578752
-2.1,50,7.5936
-3.9,50,7.608827
-4.5,50,7.625438
-2.1,50,7.643474
3.9,50,7.661542
-5.7,50,7.679389
-5.7,50,7.697847
-5.7,50,7.714777
-5.1,50,7.729124
-3.9,50,7.743421
0.3,50,7.75772
-4.5,50,7.771958
3.9,50,7.786038
-3.3,50,7.800049
-5.1,50,7.814025
-1.5,50,7.827946
-0.9,50,7.841876
-0.3,50,7.855863
-0.3,50,7.869795
-3.3,50,7.883849
1.5,50,7.898624
-2.7,50,7.912703
0.3,50,7.926659
-2.7,50,7.940777
-4.5,50,7.954714
0.9,50,7.96861
-5.7,50,7.982535
-6.3,50,7.996453
-0.3,50,8.01039
-2.1,50,8.0244
-0.9,50,8.038422
-3.3,50,8.052363
-5.7,50,8.066285
-2.1,50,8.080311
-2.7,50,8.094327
-5.1,50,8.108519
1.5,50,8.70831
3.9,50,8.722517
2.7,38,8.733396
3.9,50,8.749947
1.5,50,8.766719
-0.9,50,8.784417
3.9,50,8.801172
3.9,50,8.81856
3.9,50,8.83641
3.0,41,8.850963
-2.7,50,8.868555
3.9,50,8.884922
3.9,50,8.903275
3.9,50,8.920802
3.9,50,8.943163
2.4,35,8.960613
3.9,50,8.984178
2.2,33,8.999373
3.9,50,9.016928
3.9,50,9.031477
3.9,50,9.046332
6.1,63,9.064066
3.9,50,9.078211
2.6,37,9.088731
1.5,50,9.102971
2.9,40,9.114229
3.9,50,9.128467
2.0,31,9.137155
2.0,31,9.145779
3.9,50,9.159716
3.9,50,9.173563
3.9,50,9.188217
3.9,50,9.202207
-0.9,50,9.216065
2.0,31,9.224806
3.9,50,9.238675
3.9,50,9.252528
1.5,50,9.266877
3.9,50,9.281097
3.9,50,9.294994
4.7,58,9.310987
3.3,50,9.324952
-3.3,50,9.339283
