²¨³¤(nm),30min
398.111559,1.253829
398.380941,1.270204
398.65031,1.287745
398.919665,1.304081
399.189008,1.31792
399.458338,1.33421
399.727655,1.352913
399.996958,1.368957
400.266249,1.38342
400.535526,1.398857
400.804791,1.413119
401.074042,1.425368
401.34328,1.43831
401.612506,1.454473
401.881717,1.471027
402.150916,1.487034
402.420102,1.500627
402.689274,1.515931
402.958434,1.527186
403.22758,1.539904
403.496713,1.554829
403.765832,1.568429
404.034939,1.582976
404.304032,1.598062
404.573112,1.611779
404.842178,1.625898
405.111231,1.638649
405.380271,1.652441
405.649298,1.66773
405.918311,1.685991
406.187311,1.699988
406.456298,1.712485
406.725271,1.723901
406.99423,1.73754
407.263177,1.751233
407.53211,1.765185
407.801029,1.780438
408.069935,1.791597
408.338827,1.805714
408.607706,1.82139
408.876572,1.837926
409.145424,1.852327
409.414262,1.866281
409.683087,1.880174
409.951899,1.895212
410.220697,1.914043
410.489481,1.928966
410.758251,1.942954
411.027008,1.957618
411.295752,1.97143
411.564482,1.985307
411.833198,2.002572
412.1019,2.020424
412.370589,2.033405
412.639264,2.048155
412.907925,2.06244
413.176573,2.076818
413.445207,2.089495
413.713827,2.10199
413.982433,2.115437
414.251026,2.129215
414.519605,2.140844
414.78817,2.151841
415.056721,2.161982
415.325258,2.178362
415.593782,2.19027
415.862291,2.20308
416.130787,2.216264
416.399269,2.231272
416.667737,2.243794
416.936191,2.25903
417.204631,2.274967
417.473058,2.287746
417.74147,2.302215
418.009868,2.317638
418.278252,2.335373
418.546623,2.351374
418.814979,2.36834
419.083321,2.385342
419.351649,2.402936
419.619963,2.420164
419.888264,2.434466
420.15655,2.448598
420.424821,2.460349
420.693079,2.476849
420.961323,2.493584
421.229552,2.511512
421.497768,2.528249
421.765969,2.54445
422.034156,2.559929
422.302329,2.57621
422.570488,2.590211
422.838632,2.606372
423.106762,2.6207
423.374878,2.636403
423.64298,2.652393
423.911067,2.664571
424.17914,2.679671
424.447199,2.696141
424.715244,2.711642
424.983274,2.727533
425.25129,2.742996
425.519291,2.756546
425.787278,2.767125
426.055251,2.78097
426.323209,2.792778
426.591153,2.805065
426.859082,2.816519
427.126997,2.832132
427.394898,2.848233
427.662784,2.862944
427.930655,2.875774
428.198512,2.889786
428.466355,2.906927
428.734183,2.925982
429.001997,2.94904
429.269796,2.971961
429.53758,2.990303
429.80535,3.00808
430.073105,3.02598
430.340845,3.044662
430.608571,3.067321
430.876283,3.090488
431.143979,3.110094
431.411661,3.131873
431.679329,3.14698
431.946981,3.162341
432.214619,3.181306
432.482243,3.19734
432.749851,3.213575
433.017445,3.230464
433.285024,3.247806
433.552588,3.261683
433.820137,3.276029
434.087672,3.292816
434.355192,3.30846
434.622697,3.323572
434.890187,3.343887
435.157662,3.361817
435.425122,3.375517
435.692568,3.38957
435.959998,3.405068
436.227414,3.421207
436.494815,3.441028
436.7622,3.45658
437.029571,3.472995
437.296927,3.490821
437.564268,3.500653
437.831594,3.514468
438.098905,3.528925
438.366201,3.547439
438.633481,3.566275
438.900747,3.588987
439.167998,3.610583
439.435233,3.633728
439.702454,3.654348
439.969659,3.675399
440.236849,3.696109
440.504025,3.714992
440.771185,3.731235
441.038329,3.750095
441.305459,3.772354
441.572573,3.798608
441.839673,3.818833
442.106757,3.832665
442.373825,3.84463
442.640879,3.857183
442.907917,3.873374
443.17494,3.894331
443.441948,3.915436
443.70894,3.936512
443.975917,3.95551
444.242879,3.976288
444.509825,3.999317
444.776757,4.022396
445.043672,4.040581
445.310572,4.061118
445.577457,4.080761
445.844327,4.097996
446.111181,4.113389
446.378019,4.131084
446.644843,4.148615
446.91165,4.169109
447.178442,4.184993
447.445219,4.202554
447.71198,4.223887
447.978726,4.242695
448.245456,4.258778
448.51217,4.276428
448.778869,4.295362
449.045553,4.309221
449.312221,4.325363
449.578873,4.34239
449.845509,4.364627
450.11213,4.389596
450.378736,4.41428
450.645325,4.439502
450.911899,4.465289
451.178457,4.485259
451.445,4.510055
451.711527,4.534603
451.978038,4.562577
452.244533,4.58677
452.511013,4.6076
452.777477,4.628299
453.043925,4.650038
453.310357,4.671294
453.576773,4.695161
453.843174,4.718563
454.109558,4.743905
454.375927,4.764831
454.64228,4.783744
454.908617,4.80187
455.174939,4.825218
455.441244,4.843798
455.707533,4.864823
455.973807,4.884424
456.240064,4.902893
456.506305,4.921527
456.772531,4.94881
457.03874,4.970951
457.304934,4.993808
457.571111,5.011529
457.837273,5.030863
458.103418,5.055469
458.369547,5.078768
458.635661,5.102934
458.901758,5.125647
459.167839,5.152522
459.433904,5.179541
459.699952,5.206651
459.965985,5.231229
460.232001,5.256394
460.498002,5.279051
460.763986,5.308684
461.029954,5.338595
461.295905,5.367585
461.561841,5.392507
461.82776,5.415275
462.093663,5.442448
462.359549,5.469466
462.62542,5.493661
462.891274,5.517811
463.157111,5.543175
463.422933,5.569088
463.688738,5.588924
463.954526,5.613687
464.220299,5.636414
464.486055,5.658405
464.751794,5.683868
465.017517,5.711267
465.283224,5.736027
465.548914,5.760388
465.814588,5.780172
466.080245,5.804547
466.345886,5.82566
466.61151,5.850192
466.877118,5.877532
467.142709,5.901899
467.408284,5.928799
467.673842,5.955795
467.939384,5.980307
468.204909,6.009724
468.470417,6.041185
468.735909,6.074124
469.001384,6.10351
469.266843,6.12997
469.532285,6.157146
469.79771,6.182196
470.063119,6.210097
470.328511,6.238954
470.593886,6.26947
470.859244,6.301059
471.124586,6.332342
471.389911,6.355369
471.655219,6.37856
471.920511,6.412342
472.185785,6.438094
472.451043,6.460547
472.716284,6.480383
472.981508,6.502591
473.246716,6.524195
473.511906,6.545626
473.77708,6.569371
474.042237,6.596787
474.307376,6.619136
474.572499,6.646623
474.837605,6.674301
475.102694,6.696713
475.367766,6.725271
475.632822,6.748748
475.89786,6.772602
476.162881,6.799447
476.427885,6.825865
476.692872,6.851908
476.957842,6.876192
477.222795,6.906458
477.487731,6.929857
477.75265,6.952677
478.017552,6.979617
478.282437,7.012481
478.547304,7.045018
478.812154,7.077519
479.076988,7.108094
479.341804,7.14075
479.606603,7.168015
479.871384,7.193305
480.136149,7.218005
480.400896,7.247843
480.665626,7.275756
480.930339,7.302422
481.195035,7.330133
481.459713,7.363999
481.724374,7.39356
481.989018,7.424363
482.253644,7.459295
482.518253,7.485198
482.782845,7.511439
483.047419,7.539682
483.311976,7.568427
483.576516,7.598212
483.841038,7.617338
484.105543,7.639793
484.37003,7.67081
484.6345,7.701406
484.898952,7.732376
485.163387,7.763596
485.427805,7.804357
485.692205,7.837688
485.956587,7.86799
486.220952,7.897559
486.4853,7.926148
486.749629,7.955922
487.013942,7.984902
487.278236,8.011083
487.542514,8.041875
487.806773,8.067724
488.071015,8.096437
488.335239,8.126687
488.599446,8.159573
488.863635,8.192817
489.127806,8.225126
489.39196,8.254456
489.656095,8.282223
489.920214,8.311292
490.184314,8.340592
490.448397,8.371556
490.712462,8.393095
490.976509,8.419355
491.240538,8.450628
491.50455,8.486316
491.768543,8.521844
492.032519,8.551531
492.296477,8.581406
492.560417,8.613502
492.82434,8.644831
493.088244,8.679235
493.352131,8.712821
493.615999,8.740952
493.87985,8.772
494.143683,8.79864
494.407497,8.825429
494.671294,8.850285
494.935073,8.881336
495.198834,8.91964
495.462577,8.957308
495.726302,8.990439
495.990008,9.017744
496.253697,9.049314
496.517368,9.083057
496.78102,9.111191
497.044655,9.138604
497.308271,9.169542
497.571869,9.198027
497.835449,9.223018
498.099011,9.253923
498.362555,9.285536
498.626081,9.315146
498.889588,9.349996
499.153077,9.386781
499.416548,9.424238
499.680001,9.457552
499.943436,9.487169
500.206852,9.523884
500.47025,9.563923
500.73363,9.590472
500.996991,9.617976
501.260334,9.65011
501.523659,9.680549
501.786965,9.707108
502.050253,9.73606
502.313523,9.767485
502.576774,9.800733
502.840007,9.835696
503.103222,9.868526
503.366418,9.902792
503.629595,9.937525
503.892754,9.965905
504.155895,10.007465
504.419017,10.045729
504.682121,10.08026
504.945206,10.104039
505.208273,10.137111
505.471321,10.166147
505.73435,10.19356
505.997361,10.221557
506.260354,10.257864
506.523328,10.293481
506.786283,10.323268
507.04922,10.361223
507.312138,10.394601
507.575037,10.431045
507.837918,10.467151
508.100779,10.499856
508.363623,10.538238
508.626447,10.573673
508.889253,10.60218
509.15204,10.638365
509.414809,10.675172
509.677558,10.711055
509.940289,10.752763
510.203001,10.794742
510.465694,10.83292
510.728369,10.868017
510.991025,10.900623
511.253661,10.939983
511.516279,10.973992
511.778878,11.00511
512.041458,11.031119
512.30402,11.057149
512.566562,11.084656
512.829085,11.119081
513.09159,11.143828
513.354075,11.174425
513.616542,11.205017
513.878989,11.234466
514.141418,11.269968
514.403828,11.304423
514.666218,11.330821
514.92859,11.359798
515.190942,11.394288
515.453275,11.427072
515.71559,11.46182
515.977885,11.489825
516.240161,11.52395
516.502418,11.558045
516.764656,11.593612
517.026875,11.626549
517.289074,11.65507
517.551254,11.68469
517.813416,11.711836
518.075558,11.742686
518.33768,11.779351
518.599784,11.821008
518.861868,11.858706
519.123933,11.888247
519.385979,11.917874
519.648005,11.947809
519.910012,11.983333
520.172,12.028388
520.433969,12.063528
520.695918,12.094582
520.957847,12.126692
521.219758,12.160134
521.481649,12.196354
521.743521,12.24219
522.005373,12.286512
522.267206,12.32208
522.529019,12.362556
522.790813,12.397153
523.052587,12.432261
523.314342,12.465052
523.576078,12.504808
523.837794,12.540808
524.09949,12.577267
524.361167,12.60831
524.622824,12.649495
524.884462,12.687633
525.14608,12.731172
525.407679,12.76643
525.669258,12.787058
525.930817,12.807472
526.192357,12.831967
526.453877,12.866416
526.715377,12.903548
526.976858,12.942627
527.238319,12.980465
527.49976,13.014426
527.761182,13.053749
528.022584,13.098393
528.283966,13.139583
528.545328,13.171501
528.806671,13.203851
529.067994,13.23806
529.329297,13.279502
529.59058,13.305069
529.851843,13.341696
530.113087,13.382074
530.37431,13.417519
530.635514,13.456748
530.896698,13.492713
531.157862,13.52902
531.419006,13.566679
531.68013,13.600813
531.941235,13.633302
532.202319,13.67166
532.463383,13.710549
532.724428,13.744164
532.985452,13.786699
533.246456,13.824082
533.507441,13.858035
533.768405,13.898166
534.029349,13.938091
534.290273,13.982252
534.551177,14.015218
534.812061,14.050811
535.072925,14.092246
535.333769,14.13047
535.594592,14.170395
535.855396,14.209507
536.116179,14.243835
536.376942,14.28133
536.637685,14.324476
536.898408,14.363317
537.15911,14.399655
537.419793,14.429035
537.680455,14.461958
537.941096,14.497054
538.201718,14.541153
538.462319,14.581922
538.7229,14.62739
538.983461,14.677267
539.244001,14.721433
539.504521,14.76939
539.76502,14.821889
540.0255,14.873394
540.285958,14.919711
540.546397,14.970742
540.806815,15.016052
541.067212,15.058471
541.327589,15.10051
541.587946,15.141845
541.848282,15.19088
542.108598,15.233293
542.368893,15.286881
542.629168,15.327467
542.889422,15.370261
543.149656,15.405439
543.409869,15.449942
543.670061,15.480089
543.930233,15.516032
544.190385,15.555589
544.450516,15.585277
544.710626,15.629842
544.970715,15.674839
545.230784,15.729865
545.490832,15.787371
545.75086,15.825415
546.010867,15.862585
546.270853,15.908401
546.530818,15.938766
546.790763,15.974121
547.050687,16.006444
547.31059,16.036649
547.570472,16.082533
547.830334,16.128987
548.090175,16.174648
548.349995,16.220573
548.609794,16.270458
548.869572,16.321248
549.12933,16.376657
549.389066,16.420058
549.648782,16.460392
549.908477,16.496711
550.168151,16.530651
550.427804,16.574919
550.687436,16.607215
550.947047,16.64026
551.206637,16.690368
551.466206,16.728482
551.725754,16.769407
551.985281,16.820287
552.244787,16.867174
552.504272,16.915218
552.763736,16.949398
553.023179,16.982047
553.282601,17.012665
553.542002,17.047077
553.801382,17.083926
554.06074,17.129035
554.320078,17.179793
554.579394,17.22507
554.838689,17.27268
555.097963,17.324251
555.357216,17.379236
555.616447,17.419
555.875657,17.452571
556.134846,17.497407
556.394014,17.546654
556.653161,17.575332
556.912286,17.610819
557.17139,17.654682
557.430473,17.697464
557.689534,17.743932
557.948574,17.785207
558.207593,17.832503
558.46659,17.876717
558.725566,17.913979
558.984521,17.958161
559.243454,18.005861
559.502366,18.039052
559.761257,18.068164
560.020125,18.103926
560.278973,18.149028
560.537799,18.190351
560.796604,18.240804
561.055387,18.295949
561.314148,18.352969
561.572888,18.40143
561.831607,18.441891
562.090303,18.486346
562.348979,18.532989
562.607633,18.57497
562.866265,18.617377
563.124875,18.660543
563.383464,18.703169
563.642032,18.744375
563.900577,18.785109
564.159101,18.844207
564.417604,18.89426
564.676084,18.941778
564.934543,18.994689
565.192981,19.050672
565.451396,19.09933
565.70979,19.146428
565.968162,19.196084
566.226512,19.244986
566.48484,19.292783
566.743147,19.341267
567.001432,19.387162
567.259695,19.429363
567.517936,19.476785
567.776155,19.52591
568.034353,19.580017
568.292528,19.642046
568.550682,19.690209
568.808814,19.725236
569.066923,19.762375
569.325011,19.812835
569.583077,19.853186
569.841121,19.888978
570.099143,19.925669
570.357143,19.969764
570.615121,20.01201
570.873077,20.052826
571.131011,20.092683
571.388923,20.134772
571.646813,20.181298
571.90468,20.230198
572.162526,20.269631
572.420349,20.30797
572.678151,20.345549
572.93593,20.380527
573.193687,20.42108
573.451422,20.465598
573.709135,20.503103
573.966825,20.545622
574.224494,20.595487
574.48214,20.640898
574.739764,20.683121
574.997365,20.728178
575.254945,20.782246
575.512502,20.824941
575.770037,20.868787
576.027549,20.919378
576.28504,20.956138
576.542508,20.996293
576.799953,21.036992
577.057376,21.086682
577.314777,21.133659
577.572156,21.174819
577.829512,21.219366
578.086846,21.267408
578.344157,21.322889
578.601446,21.376795
578.858712,21.432415
579.115956,21.482527
579.373177,21.527907
579.630376,21.575209
579.887552,21.619204
580.144706,21.665712
580.401838,21.709563
580.658946,21.743146
580.916033,21.778056
581.173096,21.821219
581.430137,21.868881
581.687156,21.918304
581.944152,21.974633
582.201125,22.03354
582.458075,22.085259
582.715003,22.130679
582.971908,22.178398
583.228791,22.220534
583.485651,22.267655
583.742488,22.312391
583.999302,22.3357
584.256094,22.367497
584.512863,22.408842
584.769609,22.458826
585.026332,22.49368
585.283032,22.541203
585.53971,22.594462
585.796365,22.663488
586.052997,22.721037
586.309606,22.775516
586.566192,22.811775
586.822756,22.855914
587.079296,22.902331
587.335814,22.944571
587.592309,22.980798
587.84878,23.018896
588.105229,23.065331
588.361655,23.115507
588.618058,23.169879
588.874438,23.22855
589.130794,23.281665
589.387128,23.333766
589.643439,23.395384
589.899727,23.443614
590.155991,23.492394
590.412233,23.537905
590.668452,23.581471
590.924647,23.628417
591.180819,23.668322
591.436968,23.713992
591.693094,23.752036
591.949197,23.804521
592.205277,23.856567
592.461333,23.910131
592.717366,23.962004
592.973376,24.024549
593.229363,24.076617
593.485327,24.132697
593.741267,24.184454
593.997184,24.234699
594.253078,24.278055
594.508948,24.307947
594.764795,24.340836
595.020619,24.37039
595.27642,24.410254
595.532197,24.466518
595.787951,24.503654
596.043681,24.551887
596.299388,24.603936
596.555071,24.650137
596.810732,24.706941
597.066368,24.759664
597.321981,24.803525
597.577571,24.844127
597.833138,24.88603
598.08868,24.923363
598.3442,24.948575
598.599695,24.983893
598.855168,25.029554
599.110616,25.088326
599.366041,25.124221
599.621443,25.175559
599.876821,25.227653
600.132175,25.276781
600.387506,25.324665
600.642813,25.375753
600.898096,25.428393
601.153356,25.486786
601.408592,25.538004
601.663805,25.577886
601.918993,25.618748
602.174158,25.656627
602.4293,25.703265
602.684417,25.744965
602.939511,25.783512
603.194581,25.840526
603.449627,25.897692
603.704649,25.951065
603.959648,26.002977
604.214623,26.068762
604.469574,26.12281
604.724501,26.173967
604.979404,26.218772
605.234283,26.264648
605.489139,26.289749
605.74397,26.312018
605.998778,26.345515
606.253561,26.385462
606.508321,26.419526
606.763057,26.451664
607.017769,26.506718
607.272456,26.546165
607.52712,26.585894
607.78176,26.632258
608.036375,26.699073
608.290967,26.735672
608.545535,26.765051
608.800078,26.798945
609.054598,26.824395
609.309093,26.848274
609.563564,26.8851
609.818011,26.919735
610.072434,26.950865
610.326833,27.001154
610.581207,27.046568
610.835558,27.092365
611.089884,27.132813
611.344186,27.181494
611.598463,27.232128
611.852717,27.283372
612.106946,27.330523
612.361151,27.374986
612.615332,27.419817
612.869488,27.449652
613.12362,27.474247
613.377728,27.505932
613.631811,27.540657
613.88587,27.559865
614.139905,27.589862
614.393915,27.628806
614.647901,27.666055
614.901863,27.694464
615.1558,27.743818
615.409712,27.803377
615.6636,27.850682
615.917464,27.881385
616.171303,27.911646
616.425118,27.948382
616.678908,27.984033
616.932674,28.027657
617.186415,28.079481
617.440132,28.129439
617.693824,28.170601
617.947491,28.206205
618.201134,28.244409
618.454752,28.304175
618.708346,28.346727
618.961915,28.404678
619.215459,28.463782
619.468979,28.489572
619.722474,28.492947
619.975944,28.517247
620.22939,28.55495
620.482811,28.588779
620.736207,28.632749
620.989579,28.681536
621.242925,28.739986
621.496247,28.781505
621.749544,28.826078
622.002817,28.872253
622.256064,28.927442
622.509287,28.960769
622.762485,29.009911
623.015658,29.062608
623.268806,29.112299
623.521929,29.142002
623.775027,29.176412
624.028101,29.231371
624.281149,29.267045
624.534173,29.296009
624.787172,29.320006
625.040145,29.37176
625.293094,29.410724
625.546018,29.438088
625.798916,29.465011
626.05179,29.506042
626.304639,29.548819
626.557462,29.583519
626.810261,29.631842
627.063034,29.688054
627.315782,29.716055
627.568506,29.740802
627.821204,29.776204
628.073877,29.828046
628.326525,29.856805
628.579147,29.86248
628.831745,29.895248
629.084317,29.941264
629.336864,29.961264
629.589386,29.979913
629.841883,29.996601
630.094354,30.048236
630.3468,30.089652
630.599221,30.128907
630.851617,30.163209
631.103987,30.209068
631.356332,30.249494
631.608652,30.279356
631.860946,30.33326
632.113215,30.38308
632.365459,30.42472
632.617677,30.452083
632.86987,30.492559
633.122037,30.526858
633.374179,30.552027
633.626296,30.562943
633.878387,30.601829
634.130453,30.63327
634.382493,30.664808
634.634508,30.692139
634.886497,30.727432
635.13846,30.779712
635.390399,30.836638
635.642311,30.871648
635.894198,30.909828
636.14606,30.955713
636.397895,31.005145
636.649706,31.04506
636.90149,31.083055
637.153249,31.117272
637.404983,31.140878
637.65669,31.165349
637.908372,31.203541
638.160028,31.250807
638.411659,31.293268
638.663264,31.315982
638.914843,31.335514
639.166397,31.366822
639.417924,31.41417
639.669426,31.443189
639.920902,31.471578
640.172353,31.501953
640.423777,31.543343
640.675176,31.558984
640.926549,31.564311
641.177896,31.587205
641.429217,31.625651
641.680512,31.665308
641.931781,31.703973
642.183025,31.730752
642.434242,31.771133
642.685434,31.830265
642.936599,31.865973
643.187739,31.898247
643.438853,31.936749
643.68994,31.977039
643.941002,32.00387
644.192038,32.030968
644.443047,32.054786
644.694031,32.082314
644.944988,32.101206
645.19592,32.114357
645.446825,32.141725
645.697704,32.195101
645.948557,32.240642
646.199384,32.275017
646.450185,32.308467
646.70096,32.3431
646.951708,32.383375
647.202431,32.42154
647.453127,32.463142
647.703797,32.506118
647.95444,32.54346
648.205058,32.5757
648.455649,32.608405
648.706214,32.62894
648.956752,32.651416
649.207265,32.679732
649.457751,32.696891
649.70821,32.725942
649.958644,32.757234
650.209051,32.786133
650.459431,32.823895
650.709785,32.862829
650.960113,32.907817
651.210415,32.961045
651.46069,33.011258
651.710938,33.059961
651.96116,33.105456
652.211356,33.148262
652.461525,33.192739
652.711668,33.242418
652.961784,33.284525
653.211874,33.329024
653.461937,33.360092
653.711973,33.384288
653.961983,33.417256
654.211967,33.457768
654.461924,33.503387
654.711854,33.553278
654.961757,33.594167
655.211634,33.624868
655.461485,33.676581
655.711308,33.727817
655.961105,33.775418
656.210876,33.815836
656.460619,33.867663
656.710336,33.929834
656.960026,33.974753
657.20969,34.014439
657.459327,34.047653
657.708936,34.077673
657.95852,34.106499
658.208076,34.131472
658.457605,34.152279
658.707108,34.173326
658.956584,34.190165
659.206033,34.216592
659.455455,34.232314
659.70485,34.27144
659.954219,34.312114
660.20356,34.345601
660.452875,34.389843
660.702162,34.424861
660.951423,34.465466
661.200656,34.512206
661.449863,34.565662
661.699043,34.598421
661.948195,34.627389
662.197321,34.664964
662.44642,34.697205
662.695491,34.720364
662.944536,34.721878
663.193553,34.728509
663.442544,34.745805
663.691507,34.762352
663.940443,34.785217
664.189352,34.798863
664.438234,34.825862
664.687088,34.870713
664.935916,34.909424
665.184716,34.957709
665.433489,35.011969
665.682235,35.067432
665.930954,35.136643
666.179646,35.195104
666.42831,35.25463
666.676947,35.290522
666.925556,35.322275
667.174139,35.351688
667.422694,35.374152
667.671221,35.387643
667.919722,35.391703
668.168195,35.40479
668.41664,35.425813
668.665059,35.445445
668.913449,35.455541
669.161813,35.469929
669.410149,35.500896
669.658458,35.553127
669.906739,35.604458
670.154992,35.659814
670.403219,35.712384
670.651417,35.758786
670.899588,35.79267
671.147732,35.83134
671.395848,35.887603
671.643937,35.897315
671.891998,35.899372
672.140031,35.902253
672.388037,35.90875
672.636016,35.909605
672.883966,35.903246
673.131889,35.896341
673.379785,35.900795
673.627652,35.909349
673.875492,35.930539
674.123305,35.978296
674.371089,36.042905
674.618846,36.110093
674.866575,36.174731
675.114277,36.251446
675.361951,36.31569
675.609597,36.380515
675.857215,36.432003
676.104805,36.4913
676.352368,36.536406
676.599902,36.565359
676.847409,36.580509
677.094888,36.590397
677.34234,36.59236
677.589763,36.612795
677.837158,36.637245
678.084526,36.670938
678.331865,36.696152
678.579177,36.712921
678.826461,36.739875
679.073716,36.7781
679.320944,36.826159
679.568144,36.863343
679.815315,36.922852
680.062459,36.98789
680.309575,37.059693
680.556662,37.113676
680.803722,37.154577
681.050754,37.205165
681.297757,37.239196
681.544732,37.268783
681.791679,37.293096
682.038598,37.3122
682.285489,37.322542
682.532352,37.337344
682.779187,37.352272
683.025993,37.373568
683.272771,37.380496
683.519521,37.410442
683.766243,37.450862
684.012937,37.490204
684.259602,37.527208
684.506239,37.580155
684.752847,37.634047
684.999428,37.669175
685.24598,37.726102
685.492504,37.771616
685.738999,37.802699
685.985466,37.836243
686.231905,37.868896
686.478315,37.895287
686.724697,37.926407
686.971051,37.945682
687.217376,37.95902
687.463672,37.993545
687.709941,38.005859
687.95618,38.009003
688.202392,38.007845
688.448574,38.04144
688.694729,38.089774
688.940854,38.130477
689.186952,38.1647
689.43302,38.210733
689.67906,38.24486
689.925072,38.284382
690.171055,38.329613
690.417009,38.386638
690.662935,38.444836
690.908832,38.507326
691.154701,38.550226
691.40054,38.586878
691.646351,38.622397
691.892134,38.64159
692.137888,38.655846
692.383613,38.685598
692.629309,38.702897
692.874976,38.715965
693.120615,38.725003
693.366225,38.740305
693.611807,38.758646
693.857359,38.797575
694.102883,38.840451
694.348377,38.888393
694.593843,38.944811
694.839281,39.0049
695.084689,39.052928
695.330068,39.103647
695.575419,39.162019
695.82074,39.226215
696.066033,39.27487
696.311297,39.323813
696.556531,39.359671
696.801737,39.388906
697.046914,39.431123
697.292062,39.447339
697.537181,39.457296
697.78227,39.475472
698.027331,39.489534
698.272363,39.513999
698.517365,39.524312
698.762339,39.53528
699.007284,39.553593
699.252199,39.581283
699.497085,39.615206
699.741942,39.663803
699.98677,39.720129
700.231569,39.781565
700.476339,39.829451
700.721079,39.873261
700.965791,39.906408
701.210473,39.949943
701.455126,39.984919
701.699749,40.020412
701.944344,40.072666
702.188909,40.105069
702.433444,40.125415
702.677951,40.144354
702.922428,40.156769
703.166876,40.168338
703.411295,40.181555
703.655684,40.215225
703.900043,40.255458
704.144374,40.285485
704.388675,40.318893
704.632947,40.348917
704.877189,40.395298
705.121402,40.453522
705.365585,40.50158
705.609739,40.537669
705.853863,40.575589
706.097958,40.62045
706.342023,40.658023
706.586059,40.704017
706.830066,40.742598
707.074042,40.78203
707.31799,40.808363
707.561907,40.837548
707.805795,40.859906
708.049654,40.893217
708.293483,40.924163
708.537282,40.940572
708.781051,40.954547
709.024791,40.974411
709.268501,41.002239
709.512182,41.031378
709.755833,41.05802
709.999454,41.088419
710.243045,41.106316
710.486607,41.155974
710.730139,41.200973
710.973641,41.250307
711.217113,41.29763
711.460556,41.346919
711.703969,41.38423
711.947352,41.427834
712.190705,41.476211
712.434028,41.516787
712.677321,41.54548
712.920585,41.565293
713.163818,41.584738
713.407022,41.596791
713.650196,41.610478
713.89334,41.61913
714.136454,41.618498
714.379538,41.630821
714.622591,41.648309
714.865615,41.671307
715.108609,41.696315
715.351573,41.733407
715.594507,41.763282
715.837411,41.804407
716.080285,41.847158
716.323129,41.901996
716.565942,41.95244
716.808726,41.99728
717.051479,42.043853
717.294202,42.09405
717.536895,42.138238
717.779558,42.19539
718.022191,42.238272
718.264794,42.266844
718.507366,42.283065
718.749909,42.306438
718.99242,42.325401
719.234902,42.322139
719.477354,42.314105
719.719775,42.311639
719.962166,42.30994
720.204526,42.308691
720.446857,42.298788
720.689157,42.301423
720.931426,42.310605
721.173666,42.336427
721.415875,42.37009
721.658053,42.418029
721.900201,42.470057
722.142319,42.50323
722.384407,42.528368
722.626463,42.551331
722.86849,42.571837
723.110486,42.603213
723.352451,42.626648
723.594386,42.657232
723.836291,42.661633
724.078165,42.671701
724.320008,42.693546
724.561821,42.686238
724.803604,42.675029
725.045356,42.677429
725.287077,42.695695
725.528767,42.712518
725.770427,42.730872
726.012057,42.760729
726.253655,42.79532
726.495223,42.819952
726.736761,42.845755
726.978268,42.875259
727.219744,42.907557
727.461189,42.936667
727.702603,42.974751
727.943987,43.01561
728.18534,43.047352
728.426663,43.067951
728.667954,43.065893
728.909215,43.078165
729.150445,43.096631
729.391644,43.118253
729.632812,43.134715
729.873949,43.132461
730.115056,43.120261
730.356132,43.120644
730.597176,43.136197
730.83819,43.160678
731.079173,43.190069
731.320125,43.216699
731.561046,43.245052
731.801936,43.275044
732.042795,43.300848
732.283623,43.335121
732.52442,43.377137
732.765187,43.402139
733.005922,43.432314
733.246626,43.433769
733.487299,43.448085
733.72794,43.469829
733.968551,43.494131
734.209131,43.513989
734.44968,43.542288
734.690197,43.543467
734.930683,43.55821
735.171138,43.585345
735.411562,43.616002
735.651955,43.636805
735.892317,43.653224
736.132647,43.676344
736.372946,43.704185
736.613214,43.718247
736.853451,43.746905
737.093656,43.787386
737.33383,43.798553
737.573973,43.808672
737.814085,43.82093
738.054165,43.814469
738.294214,43.834193
738.534231,43.840532
738.774217,43.861464
739.014172,43.8734
739.254095,43.888623
739.493987,43.9047
739.733848,43.940679
739.973677,43.967829
740.213474,43.985099
740.453241,44.020062
740.692975,44.038819
740.932679,44.055311
741.17235,44.06252
741.41199,44.058927
741.651599,44.067874
741.891176,44.059383
742.130722,44.061822
742.370236,44.076013
742.609718,44.081484
742.849169,44.082283
743.088588,44.072108
743.327976,44.081529
743.567331,44.104955
743.806656,44.125122
744.045948,44.131339
744.285209,44.159659
744.524438,44.181777
744.763636,44.206076
745.002802,44.229536
745.241936,44.265513
745.481038,44.293784
745.720108,44.333436
745.959147,44.346482
746.198154,44.364843
746.437129,44.404753
746.676072,44.419309
746.914984,44.434538
747.153863,44.444746
747.392711,44.438681
747.631527,44.432532
747.870311,44.421834
748.109063,44.420769
748.347783,44.431827
748.586471,44.447952
748.825127,44.445094
749.063752,44.438284
749.302344,44.437784
749.540904,44.441755
749.779432,44.453072
750.017929,44.47707
750.256393,44.492729
750.494825,44.535281
750.733225,44.564853
750.971593,44.599898
751.209929,44.631392
751.448233,44.654083
751.686505,44.688381
751.924745,44.73337
752.162952,44.770862
752.401128,44.786026
752.639271,44.78021
752.877382,44.763644
753.115461,44.758386
753.353507,44.778051
753.591521,44.802194
753.829504,44.804556
754.067453,44.809819
754.305371,44.797561
754.543256,44.799897
754.781109,44.806032
755.01893,44.816566
755.256718,44.848319
755.494474,44.890631
755.732198,44.918323
755.969889,44.935385
756.207548,44.946767
756.445175,44.967525
756.682769,45.006589
756.920331,45.039253
757.15786,45.065411
757.395357,45.092985
757.632821,45.116288
757.870253,45.126899
758.107653,45.14546
758.34502,45.154689
758.582354,45.174128
758.819656,45.184794
759.056925,45.189019
759.294162,45.199701
759.531366,45.182352
759.768538,45.160074
760.005677,45.152793
760.242783,45.164443
760.479857,45.185341
760.716898,45.193572
760.953906,45.202946
761.190882,45.213532
761.427825,45.232065
761.664736,45.268619
761.901613,45.310456
762.138458,45.353631
762.375271,45.390463
762.61205,45.424048
762.848797,45.448312
763.085511,45.470978
763.322192,45.490716
763.55884,45.501865
763.795456,45.518158
764.032038,45.539188
764.268588,45.545179
764.505105,45.550063
764.741589,45.539667
764.97804,45.531542
765.214459,45.529855
765.450844,45.537686
765.687196,45.554224
765.923516,45.578454
766.159802,45.57883
766.396056,45.579603
766.632276,45.55885
766.868464,45.55478
767.104618,45.569321
767.34074,45.590978
767.576828,45.62092
767.812884,45.664187
768.048906,45.686506
768.284895,45.702964
768.520851,45.720181
768.756774,45.742221
768.992664,45.76516
769.228521,45.778948
769.464345,45.795265
769.700135,45.798022
769.935892,45.79156
770.171616,45.767886
770.407307,45.749012
770.642965,45.745968
770.878589,45.761933
771.11418,45.792897
771.349738,45.809154
771.585263,45.828692
771.820754,45.832136
772.056212,45.820412
772.291636,45.81486
772.527028,45.816576
772.762386,45.857195
772.99771,45.901634
773.233001,45.954915
773.468259,45.974807
773.703484,45.969866
773.938675,45.973469
774.173832,45.988875
774.408956,46.021064
774.644047,46.056629
774.879104,46.082671
775.114128,46.098876
775.349118,46.087146
775.584074,46.063999
775.818998,46.028967
776.053887,46.005485
776.288743,46.013848
776.523566,46.035496
776.758354,46.06342
776.99311,46.086082
777.227831,46.089034
777.462519,46.070769
777.697174,46.045271
777.931794,46.04812
778.166382,46.082519
778.400935,46.132259
778.635455,46.176361
778.86994,46.190589
779.104393,46.202663
779.338811,46.195762
779.573196,46.204699
779.807547,46.221213
780.041864,46.249621
780.276147,46.275125
780.510397,46.298422
780.744613,46.313303
780.978795,46.334522
781.212943,46.338204
781.447057,46.342843
781.681137,46.353621
781.915184,46.372023
782.149196,46.402095
782.383175,46.433574
782.61712,46.464481
782.85103,46.493833
783.084907,46.517475
783.31875,46.537872
783.552559,46.542376
783.786334,46.581944
784.020074,46.619733
784.253781,46.656762
784.487454,46.68241
784.721092,46.695175
784.954697,46.701106
785.188268,46.682523
785.421804,46.677085
785.655306,46.6932
785.888774,46.708025
786.122208,46.715856
786.355608,46.728386
786.588974,46.739084
786.822305,46.747043
787.055603,46.748083
787.288866,46.743342
787.522095,46.745563
787.755289,46.774999
787.98845,46.800573
788.221576,46.833461
788.454668,46.883551
788.687725,46.910443
788.920748,46.917605
789.153737,46.929964
789.386692,46.935735
789.619612,46.948532
789.852498,46.946331
790.085349,46.962171
790.318166,46.979578
790.550949,46.976911
790.783697,46.949351
791.016411,46.931039
791.249091,46.922115
791.481736,46.938987
791.714346,46.965182
791.946922,47.005676
792.179463,47.042365
792.41197,47.061656
792.644443,47.052424
792.876881,47.069624
793.109284,47.099231
793.341653,47.124632
793.573987,47.161844
793.806286,47.197301
794.038551,47.228645
794.270782,47.274281
794.502977,47.31988
794.735138,47.362734
794.967265,47.360184
795.199356,47.383193
795.431413,47.403322
795.663435,47.426537
795.895423,47.473297
796.127376,47.519349
796.359294,47.550706
796.591177,47.57518
796.823026,47.582215
797.054839,47.568763
797.286618,47.566305
797.518362,47.586933
797.750071,47.598797
797.981746,47.619592
798.213385,47.64957
798.44499,47.654695
798.67656,47.647027
798.908094,47.638607
799.139594,47.624907
799.371059,47.614044
799.602489,47.61765
799.833884,47.67068
800.065245,47.697565
800.29657,47.699824
800.52786,47.736555
800.759115,47.7565
800.990335,47.76177
801.22152,47.784782
801.45267,47.811007
801.683785,47.84739
801.914865,47.911885
802.145909,47.942419
802.376919,47.948895
802.607893,47.97695
802.838833,47.973941
803.069737,47.971839
803.300606,47.998146
803.53144,48.020455
803.762238,48.044247
803.993002,48.072186
804.22373,48.066424
804.454423,48.086367
804.68508,48.080061
804.915703,48.085725
805.14629,48.105571
805.376842,48.091624
805.607358,48.082048
805.83784,48.1118
806.068286,48.150835
806.298696,48.188242
806.529071,48.227042
806.759411,48.259413
806.989715,48.306481
807.219984,48.357741
807.450218,48.389603
807.680416,48.430066
807.910579,48.465077
808.140706,48.521006
808.370798,48.567165
808.600854,48.60913
808.830875,48.618365
809.06086,48.668246
809.29081,48.688431
809.520724,48.707641
809.750603,48.716116
809.980446,48.70693
810.210253,48.69922
810.440025,48.67867
810.669761,48.669095
810.899462,48.64769
811.129127,48.641472
811.358756,48.624692
811.58835,48.622104
811.817908,48.621481
812.04743,48.645276
812.276917,48.662026
812.506368,48.688496
812.735783,48.726388
812.965162,48.767375
813.194506,48.808501
813.423814,48.828001
813.653086,48.877244
813.882322,48.910406
814.111522,48.929569
814.340687,48.957933
814.569816,48.976659
814.798908,49.007518
815.027965,49.027753
815.256986,49.045807
815.485972,49.062206
815.714921,49.052224
815.943834,49.036915
816.172712,49.042988
816.401553,49.029013
816.630358,49.026232
816.859128,49.015399
817.087861,48.993153
817.316559,48.971032
817.54522,48.966832
817.773845,48.971039
818.002435,48.987823
818.230988,49.016044
818.459505,49.043643
818.687986,49.09253
818.916431,49.133763
819.14484,49.172343
819.373213,49.210814
819.601549,49.239995
819.829849,49.278342
820.058114,49.328149
820.286342,49.350043
820.514533,49.398057
820.742689,49.457556
820.970808,49.479635
821.198891,49.514301
821.426938,49.518268
821.654948,49.522301
821.882923,49.518301
822.110861,49.505587
822.338762,49.493598
822.566627,49.468126
822.794456,49.466403
823.022249,49.452103
823.250005,49.435071
823.477725,49.433134
823.705408,49.448762
823.933055,49.459336
824.160666,49.470766
824.38824,49.499202
824.615777,49.571903
824.843278,49.592015
825.070743,49.647999
825.298171,49.69634
825.525563,49.738748
825.752918,49.792051
825.980236,49.843245
826.207518,49.907341
826.434764,49.963568
826.661973,50.014182
826.889145,50.061234
827.11628,50.094258
827.343379,50.117366
827.570442,50.127308
827.797467,50.146108
828.024456,50.143052
828.251409,50.138112
828.478325,50.131281
828.705203,50.077602
828.932046,50.052878
829.158851,50.058387
829.38562,50.029852
829.612352,50.025842
829.839047,50.022796
830.065705,50.016835
830.292327,50.021673
830.518912,50.020634
830.74546,50.015998
830.971971,50.025792
831.198445,50.037641
831.424882,50.058584
831.651283,50.109698
831.877646,50.144862
832.103973,50.1584
832.330263,50.172263
832.556515,50.215511
832.782731,50.300724
833.00891,50.380428
833.235052,50.437904
833.461157,50.517413
833.687224,50.580071
833.913255,50.644748
834.139249,50.718248
834.365206,50.79315
834.591125,50.807944
834.817008,50.847523
835.042853,50.865733
835.268662,50.851644
835.494433,50.842093
835.720167,50.841259
835.945864,50.835742
836.171523,50.77477
836.397146,50.731879
836.622731,50.695699
836.848279,50.636852
837.07379,50.566966
837.299264,50.549245
837.5247,50.555112
837.7501,50.556495
837.975462,50.569766
838.200786,50.601702
838.426073,50.640734
838.651323,50.701705
838.876536,50.782247
839.101711,50.868846
839.326849,50.951031
839.55195,51.039269
839.777013,51.138081
840.002039,51.223303
840.227027,51.314895
840.451978,51.394911
840.676891,51.449305
840.901767,51.479527
841.126606,51.506514
841.351407,51.535846
841.57617,51.55638
841.800896,51.540026
842.025585,51.493787
842.250236,51.437802
842.474849,51.344458
842.699425,51.254666
842.923963,51.190017
843.148464,51.147952
843.372927,51.073928
843.597352,51.02354
843.82174,50.998633
844.04609,50.985464
844.270403,50.982544
844.494677,51.016433
844.718914,51.095576
844.943114,51.177971
845.167275,51.255893
845.391399,51.360063
845.615485,51.444532
845.839534,51.508475
846.063544,51.601775
846.287517,51.697431
846.511452,51.800186
846.735349,51.861644
846.959209,51.926364
847.18303,51.984863
847.406814,52.019444
847.630559,52.02964
847.854267,52.025658
848.077937,52.012348
848.301569,51.97197
848.525163,51.90313
848.74872,51.840445
848.972238,51.786012
849.195718,51.67045
849.41916,51.593722
849.642564,51.546629
849.865931,51.506742
850.089259,51.475385
850.312549,51.462338
850.535801,51.472028
850.759015,51.478938
850.982191,51.492638
851.205329,51.561765
851.428429,51.659115
851.65149,51.762357
851.874514,51.879078
852.097499,52.012023
852.320446,52.138295
852.543355,52.237154
852.766226,52.313676
852.989059,52.407
853.211853,52.500501
853.434609,52.560478
853.657327,52.574132
853.880006,52.575328
854.102648,52.574869
854.325251,52.531736
854.547815,52.517971
854.770342,52.503801
854.99283,52.461553
855.21528,52.394684
855.437691,52.344587
855.660064,52.278118
855.882398,52.219756
856.104695,52.17058
856.326952,52.123276
856.549172,52.099819
856.771353,52.066307
856.993495,52.094404
857.215599,52.173585
857.437664,52.245075
857.659691,52.323092
857.88168,52.412851
858.10363,52.533638
858.325541,52.629583
858.547414,52.773877
858.769248,52.884934
858.991044,52.986465
859.212801,53.12372
859.434519,53.195424
859.656199,53.204951
859.87784,53.249311
860.099443,53.255054
860.321007,53.248545
860.542532,53.238476
860.764018,53.223541
860.985466,53.169336
861.206875,53.074973
861.428246,53.042893
861.649577,53.013214
861.87087,52.966085
862.092124,52.91979
862.313339,52.878023
862.534516,52.878822
862.755653,52.851335
862.976752,52.841725
863.197812,52.859388
863.418833,52.836328
863.639815,52.859787
863.860759,52.927662
864.081663,53.000293
864.302529,53.116468
864.523355,53.204571
864.744143,53.310859
864.964891,53.405015
865.185601,53.479128
865.406272,53.583556
865.626903,53.680783
865.847496,53.774644
866.06805,53.809942
866.288564,53.836178
866.50904,53.888924
866.729476,53.979084
866.949874,54.045678
867.170232,54.064205
867.390551,54.082593
867.610831,54.079055
867.831072,54.028967
868.051274,53.940755
868.271437,53.924162
868.49156,53.901845
868.711644,53.866889
868.931689,53.74733
869.151695,53.708558
869.371662,53.672873
869.591589,53.615268
869.811477,53.648781
870.031326,53.692423
870.251135,53.737381
870.470905,53.727357
870.690636,53.734922
870.910328,53.779613
871.12998,53.863848
871.349593,53.916349
871.569166,53.964547
871.7887,54.019125
872.008195,54.080915
872.22765,54.177044
872.447066,54.258721
872.666442,54.358566
872.885779,54.445343
873.105076,54.532687
873.324334,54.588905
873.543553,54.653311
873.762732,54.683973
873.981871,54.704129
874.200971,54.702449
874.420031,54.679428
874.639052,54.677496
874.858033,54.641317
875.076975,54.596508
875.295877,54.551494
875.514739,54.508091
875.733561,54.46413
875.952344,54.415006
876.171088,54.378863
876.389791,54.341154
876.608455,54.279719
876.82708,54.223692
877.045664,54.190943
877.264209,54.255923
877.482714,54.302706
877.701179,54.347712
877.919605,54.40261
878.137991,54.493899
878.356337,54.590113
878.574643,54.740901
878.792909,54.832508
879.011135,54.899834
879.229322,54.948563
879.447469,54.997319
879.665575,55.017169
879.883642,55.049612
880.101669,55.103691
880.319656,55.121631
880.537603,55.137648
880.75551,55.170273
880.973378,55.201329
881.191205,55.218001
881.408992,55.193709
881.626739,55.195444
881.844446,55.176621
882.062113,55.104991
882.27974,55.056243
882.497327,54.985528
882.714874,54.908388
882.932381,54.8556
883.149848,54.820526
883.367274,54.867369
883.584661,54.898689
883.802007,54.9295
884.019313,54.999498
884.236579,55.122418
884.453805,55.20812
884.67099,55.267391
884.888135,55.329541
885.10524,55.369632
885.322305,55.419192
885.53933,55.441132
885.756314,55.482434
885.973258,55.52276
886.190162,55.579157
886.407025,55.641233
886.623848,55.71601
886.840631,55.781146
887.057373,55.839273
887.274075,55.885665
887.490736,55.907697
887.707358,55.903042
887.923938,55.861949
888.140479,55.836987
888.356978,55.788011
888.573438,55.698599
888.789857,55.641572
889.006235,55.6218
889.222573,55.653777
889.438871,55.644957
889.655127,55.668978
889.871344,55.697057
890.08752,55.729522
890.303655,55.758968
890.519749,55.80687
890.735803,55.827637
890.951817,55.809785
891.16779,55.796683
891.383722,55.798093
891.599613,55.808665
891.815464,55.82959
892.031274,55.892533
892.247044,55.954079
892.462773,56.025909
892.678461,56.11452
892.894108,56.23015
893.109715,56.315469
893.32528,56.356175
893.540805,56.408091
893.75629,56.436229
893.971733,56.410663
894.187136,56.382593
894.402497,56.368606
894.617818,56.362584
894.833098,56.376187
895.048338,56.363222
895.263536,56.364789
895.478693,56.439059
895.69381,56.507151
895.908885,56.54611
896.12392,56.562557
896.338914,56.594772
896.553866,56.578073
896.768778,56.577432
896.983649,56.567974
897.198478,56.564811
897.413267,56.537439
897.628015,56.534219
897.842721,56.54383
898.057387,56.589821
898.272011,56.62669
898.486594,56.671809
898.701137,56.753096
